time,cluster,ride,count
8.0,0,0,41
8.0,0,1,14
8.0,0,14,2
8.0,0,2,21
8.0,0,20,5
8.0,0,26,4
8.0,0,27,4
8.0,0,5,5
8.0,10,0,40
8.0,10,1,79
8.0,10,11,4
8.0,10,17,3
8.0,10,18,1
8.0,10,19,2
8.0,10,2,83
8.0,10,25,2
8.0,10,29,2
8.0,10,3,2
8.0,10,6,2
8.0,10,9,2
8.0,1,2,5
8.0,2,0,119
8.0,2,1,32
8.0,2,10,7
8.0,2,12,4
8.0,2,13,3
8.0,2,16,3
8.0,2,2,50
8.0,2,20,7
8.0,2,22,4
8.0,2,23,13
8.0,2,24,4
8.0,2,25,4
8.0,2,26,3
8.0,2,28,2
8.0,2,31,2
8.0,2,4,8
8.0,2,5,13
8.0,2,7,3
8.0,2,8,4
8.0,3,0,3
8.0,5,0,111
8.0,5,1,19
8.0,5,12,6
8.0,5,2,54
8.0,5,21,2
8.0,5,26,2
8.0,5,29,2
8.0,5,3,2
8.0,5,30,3
8.0,5,5,4
8.0,5,8,4
8.0,6,0,2
8.0,6,2,2
8.0,6,9,1
8.0,7,0,56
8.0,7,1,12
8.0,7,16,7
8.0,7,2,4
8.0,7,5,8
8.0,7,6,2
8.0,7,7,4
8.0,9,0,33
8.0,9,1,18
8.0,9,15,2
8.0,9,2,76
8.0,9,25,2
8.0,9,4,5
8.0,9,7,2
8.5,0,0,46
8.5,0,1,28
8.5,0,10,2
8.5,0,11,2
8.5,0,12,2
8.5,0,13,8
8.5,0,16,20
8.5,0,17,4
8.5,0,2,34
8.5,0,21,4
8.5,0,22,5
8.5,0,23,4
8.5,0,24,10
8.5,0,27,6
8.5,0,28,8
8.5,0,30,2
8.5,0,31,5
8.5,0,33,2
8.5,0,38,9
8.5,0,39,2
8.5,0,4,2
8.5,0,5,4
8.5,0,6,2
8.5,0,7,10
8.5,0,8,2
8.5,0,9,12
8.5,10,0,96
8.5,10,1,119
8.5,10,10,8
8.5,10,11,3
8.5,10,12,15
8.5,10,13,19
8.5,10,14,20
8.5,10,15,3
8.5,10,16,20
8.5,10,17,9
8.5,10,18,13
8.5,10,19,13
8.5,10,2,62
8.5,10,20,14
8.5,10,21,19
8.5,10,22,1
8.5,10,23,8
8.5,10,25,1
8.5,10,26,26
8.5,10,27,25
8.5,10,28,38
8.5,10,29,10
8.5,10,3,4
8.5,10,30,22
8.5,10,31,25
8.5,10,32,11
8.5,10,33,42
8.5,10,34,8
8.5,10,35,31
8.5,10,37,4
8.5,10,39,3
8.5,10,5,25
8.5,10,6,7
8.5,10,7,29
8.5,10,8,21
8.5,10,9,26
8.5,1,28,5
8.5,2,0,100
8.5,2,1,14
8.5,2,10,3
8.5,2,11,7
8.5,2,13,32
8.5,2,14,7
8.5,2,16,18
8.5,2,17,6
8.5,2,19,15
8.5,2,2,32
8.5,2,20,4
8.5,2,21,5
8.5,2,22,15
8.5,2,23,10
8.5,2,24,2
8.5,2,25,3
8.5,2,26,18
8.5,2,27,4
8.5,2,28,27
8.5,2,29,2
8.5,2,3,7
8.5,2,30,6
8.5,2,31,28
8.5,2,32,3
8.5,2,33,3
8.5,2,34,12
8.5,2,35,2
8.5,2,37,2
8.5,2,38,2
8.5,2,39,8
8.5,2,4,8
8.5,2,5,33
8.5,2,6,10
8.5,2,7,33
8.5,2,8,7
8.5,2,9,8
8.5,3,0,170
8.5,3,1,31
8.5,3,12,7
8.5,3,13,9
8.5,3,14,2
8.5,3,16,12
8.5,3,17,4
8.5,3,19,1
8.5,3,2,15
8.5,3,23,9
8.5,3,27,4
8.5,3,28,8
8.5,3,29,8
8.5,3,3,2
8.5,3,31,6
8.5,3,33,4
8.5,3,34,1
8.5,3,36,8
8.5,3,38,3
8.5,3,5,23
8.5,3,6,3
8.5,3,7,7
8.5,3,9,5
8.5,5,0,55
8.5,5,1,34
8.5,5,10,3
8.5,5,12,2
8.5,5,13,8
8.5,5,15,3
8.5,5,16,21
8.5,5,17,15
8.5,5,18,4
8.5,5,19,13
8.5,5,2,40
8.5,5,20,6
8.5,5,21,3
8.5,5,23,22
8.5,5,24,10
8.5,5,25,4
8.5,5,26,15
8.5,5,27,24
8.5,5,28,13
8.5,5,29,4
8.5,5,30,3
8.5,5,31,16
8.5,5,33,15
8.5,5,34,11
8.5,5,35,9
8.5,5,36,2
8.5,5,37,9
8.5,5,38,2
8.5,5,39,7
8.5,5,4,2
8.5,5,5,11
8.5,5,7,35
8.5,5,9,24
8.5,6,0,1
8.5,6,1,29
8.5,6,13,7
8.5,6,14,1
8.5,6,16,1
8.5,6,2,5
8.5,6,26,1
8.5,6,27,2
8.5,6,28,6
8.5,6,31,1
8.5,6,33,1
8.5,6,9,1
8.5,7,0,152
8.5,7,1,38
8.5,7,12,10
8.5,7,13,16
8.5,7,15,4
8.5,7,16,16
8.5,7,18,3
8.5,7,19,3
8.5,7,2,38
8.5,7,20,2
8.5,7,21,3
8.5,7,22,20
8.5,7,24,3
8.5,7,25,7
8.5,7,26,6
8.5,7,27,9
8.5,7,28,14
8.5,7,29,4
8.5,7,30,3
8.5,7,32,9
8.5,7,34,10
8.5,7,35,6
8.5,7,38,7
8.5,7,4,4
8.5,7,5,7
8.5,7,6,8
8.5,7,7,17
8.5,7,8,7
8.5,7,9,3
8.5,8,0,30
8.5,9,0,173
8.5,9,1,75
8.5,9,10,12
8.5,9,12,3
8.5,9,13,24
8.5,9,14,29
8.5,9,15,2
8.5,9,16,14
8.5,9,17,6
8.5,9,18,9
8.5,9,19,4
8.5,9,2,76
8.5,9,21,20
8.5,9,22,9
8.5,9,23,7
8.5,9,24,14
8.5,9,26,46
8.5,9,27,22
8.5,9,28,23
8.5,9,3,4
8.5,9,30,15
8.5,9,31,25
8.5,9,32,12
8.5,9,33,18
8.5,9,35,8
8.5,9,36,17
8.5,9,37,7
8.5,9,39,3
8.5,9,4,2
8.5,9,5,12
8.5,9,6,12
8.5,9,7,31
8.5,9,8,1
8.5,9,9,14
9.0,0,0,127
9.0,0,1,44
9.0,0,10,7
9.0,0,11,31
9.0,0,13,18
9.0,0,14,4
9.0,0,15,4
9.0,0,16,18
9.0,0,17,4
9.0,0,18,12
9.0,0,19,16
9.0,0,2,30
9.0,0,20,7
9.0,0,21,16
9.0,0,22,9
9.0,0,23,8
9.0,0,24,4
9.0,0,25,7
9.0,0,26,17
9.0,0,27,11
9.0,0,28,24
9.0,0,29,8
9.0,0,30,6
9.0,0,31,30
9.0,0,32,9
9.0,0,33,19
9.0,0,34,10
9.0,0,35,6
9.0,0,36,5
9.0,0,37,19
9.0,0,39,4
9.0,0,5,18
9.0,0,6,8
9.0,0,7,31
9.0,0,8,1
9.0,0,9,14
9.0,1,0,6
9.0,10,0,5
9.0,10,1,5
9.0,10,10,14
9.0,10,11,9
9.0,10,12,7
9.0,10,13,39
9.0,10,14,2
9.0,10,15,2
9.0,10,16,37
9.0,10,18,10
9.0,10,19,20
9.0,10,2,6
9.0,10,20,5
9.0,10,21,2
9.0,10,22,7
9.0,10,23,25
9.0,10,24,10
9.0,10,26,50
9.0,10,27,43
9.0,10,28,52
9.0,10,29,17
9.0,10,3,4
9.0,10,30,10
9.0,10,31,41
9.0,10,32,7
9.0,10,33,39
9.0,10,34,2
9.0,10,35,2
9.0,10,37,5
9.0,10,38,4
9.0,10,4,11
9.0,10,5,26
9.0,10,6,26
9.0,10,7,20
9.0,10,8,15
9.0,10,9,32
9.0,11,0,11
9.0,11,2,1
9.0,1,7,5
9.0,2,0,37
9.0,2,10,2
9.0,2,11,7
9.0,2,12,11
9.0,2,13,26
9.0,2,14,6
9.0,2,15,4
9.0,2,16,30
9.0,2,17,4
9.0,2,18,5
9.0,2,19,4
9.0,2,2,2
9.0,2,20,4
9.0,2,21,8
9.0,2,22,4
9.0,2,23,3
9.0,2,24,13
9.0,2,25,18
9.0,2,26,35
9.0,2,27,32
9.0,2,28,38
9.0,2,29,8
9.0,2,3,3
9.0,2,30,4
9.0,2,31,22
9.0,2,32,3
9.0,2,33,13
9.0,2,34,9
9.0,2,35,16
9.0,2,36,2
9.0,2,37,4
9.0,2,39,11
9.0,2,4,4
9.0,2,40,3
9.0,2,5,9
9.0,2,6,7
9.0,2,7,12
9.0,2,8,8
9.0,2,9,49
9.0,3,0,66
9.0,3,1,27
9.0,3,10,8
9.0,3,13,38
9.0,3,14,11
9.0,3,15,14
9.0,3,16,54
9.0,3,17,2
9.0,3,18,2
9.0,3,19,8
9.0,3,2,104
9.0,3,20,10
9.0,3,21,4
9.0,3,22,3
9.0,3,23,4
9.0,3,24,13
9.0,3,26,17
9.0,3,27,26
9.0,3,28,18
9.0,3,29,13
9.0,3,3,2
9.0,3,30,10
9.0,3,31,23
9.0,3,32,7
9.0,3,33,10
9.0,3,34,5
9.0,3,35,13
9.0,3,36,23
9.0,3,37,2
9.0,3,38,4
9.0,3,39,11
9.0,3,4,4
9.0,3,40,2
9.0,3,5,25
9.0,3,6,8
9.0,3,7,21
9.0,3,8,3
9.0,3,9,22
9.0,4,2,11
9.0,4,27,1
9.0,4,39,1
9.0,5,0,129
9.0,5,1,47
9.0,5,10,10
9.0,5,11,5
9.0,5,12,7
9.0,5,13,82
9.0,5,14,6
9.0,5,16,30
9.0,5,17,2
9.0,5,18,19
9.0,5,19,1
9.0,5,2,27
9.0,5,20,15
9.0,5,22,13
9.0,5,23,9
9.0,5,24,3
9.0,5,25,5
9.0,5,26,23
9.0,5,27,15
9.0,5,28,23
9.0,5,29,9
9.0,5,3,5
9.0,5,31,48
9.0,5,32,9
9.0,5,33,14
9.0,5,34,8
9.0,5,35,13
9.0,5,36,16
9.0,5,37,14
9.0,5,38,12
9.0,5,39,6
9.0,5,4,3
9.0,5,5,49
9.0,5,6,14
9.0,5,7,13
9.0,5,8,8
9.0,5,9,31
9.0,6,0,6
9.0,6,1,5
9.0,6,10,1
9.0,6,16,6
9.0,6,17,1
9.0,6,19,3
9.0,6,2,7
9.0,6,26,3
9.0,6,27,4
9.0,6,28,1
9.0,6,31,4
9.0,6,33,5
9.0,6,34,1
9.0,6,35,6
9.0,6,37,5
9.0,6,39,7
9.0,6,5,2
9.0,6,7,2
9.0,6,8,5
9.0,6,9,9
9.0,7,0,30
9.0,7,1,10
9.0,7,10,5
9.0,7,11,5
9.0,7,12,4
9.0,7,13,30
9.0,7,14,6
9.0,7,15,2
9.0,7,16,9
9.0,7,17,3
9.0,7,18,7
9.0,7,19,6
9.0,7,2,27
9.0,7,20,4
9.0,7,21,4
9.0,7,22,6
9.0,7,23,18
9.0,7,24,10
9.0,7,26,33
9.0,7,27,31
9.0,7,28,19
9.0,7,29,6
9.0,7,30,20
9.0,7,31,11
9.0,7,33,15
9.0,7,34,6
9.0,7,35,8
9.0,7,36,2
9.0,7,39,11
9.0,7,4,9
9.0,7,5,7
9.0,7,6,11
9.0,7,7,23
9.0,7,9,38
9.0,8,33,30
9.0,9,0,77
9.0,9,1,8
9.0,9,10,12
9.0,9,13,53
9.0,9,14,10
9.0,9,16,43
9.0,9,17,14
9.0,9,18,7
9.0,9,19,12
9.0,9,2,19
9.0,9,20,9
9.0,9,21,18
9.0,9,22,7
9.0,9,23,33
9.0,9,24,21
9.0,9,25,2
9.0,9,26,37
9.0,9,27,45
9.0,9,28,36
9.0,9,29,13
9.0,9,3,6
9.0,9,30,18
9.0,9,31,65
9.0,9,32,13
9.0,9,33,37
9.0,9,34,6
9.0,9,35,15
9.0,9,36,15
9.0,9,37,4
9.0,9,38,10
9.0,9,39,7
9.0,9,4,9
9.0,9,5,27
9.0,9,6,3
9.0,9,7,32
9.0,9,8,2
9.0,9,9,52
9.5,0,10,3
9.5,0,12,3
9.5,0,13,19
9.5,0,14,11
9.5,0,15,5
9.5,0,16,30
9.5,0,17,7
9.5,0,18,5
9.5,0,19,23
9.5,0,20,16
9.5,0,21,14
9.5,0,23,10
9.5,0,24,9
9.5,0,25,16
9.5,0,26,47
9.5,0,27,24
9.5,0,28,17
9.5,0,29,5
9.5,0,3,7
9.5,0,30,5
9.5,0,31,22
9.5,0,32,2
9.5,0,33,22
9.5,0,34,13
9.5,0,35,5
9.5,0,38,11
9.5,0,39,2
9.5,0,4,5
9.5,0,41,34
9.5,0,5,14
9.5,0,6,6
9.5,0,7,36
9.5,0,9,19
9.5,1,0,33
9.5,10,10,14
9.5,10,11,5
9.5,10,12,12
9.5,10,13,23
9.5,10,15,11
9.5,10,16,37
9.5,10,17,7
9.5,10,19,3
9.5,10,20,18
9.5,10,21,1
9.5,10,22,7
9.5,10,23,14
9.5,10,24,14
9.5,10,25,13
9.5,10,26,20
9.5,10,27,39
9.5,10,28,8
9.5,10,29,10
9.5,10,3,7
9.5,10,30,5
9.5,10,31,34
9.5,10,32,3
9.5,10,33,29
9.5,10,34,1
9.5,10,35,21
9.5,10,36,28
9.5,10,38,4
9.5,10,39,18
9.5,10,4,18
9.5,10,40,4
9.5,10,41,22
9.5,10,5,15
9.5,10,6,6
9.5,10,7,40
9.5,10,8,3
9.5,10,9,47
9.5,11,0,6
9.5,11,1,4
9.5,11,10,4
9.5,11,13,4
9.5,11,16,1
9.5,11,18,4
9.5,11,2,8
9.5,11,26,1
9.5,11,27,1
9.5,11,28,3
9.5,11,31,1
9.5,11,33,6
9.5,11,34,1
9.5,11,36,2
9.5,11,5,3
9.5,11,7,1
9.5,1,18,6
9.5,1,2,6
9.5,1,27,3
9.5,1,39,7
9.5,1,4,6
9.5,1,8,5
9.5,2,11,3
9.5,2,12,15
9.5,2,13,4
9.5,2,14,10
9.5,2,15,2
9.5,2,16,31
9.5,2,17,13
9.5,2,19,11
9.5,2,20,3
9.5,2,21,9
9.5,2,23,2
9.5,2,24,3
9.5,2,26,6
9.5,2,27,31
9.5,2,28,27
9.5,2,29,10
9.5,2,31,59
9.5,2,32,10
9.5,2,33,15
9.5,2,35,6
9.5,2,36,1
9.5,2,37,15
9.5,2,39,2
9.5,2,41,13
9.5,2,5,81
9.5,2,6,5
9.5,2,7,19
9.5,2,9,55
9.5,3,1,1
9.5,3,10,4
9.5,3,11,32
9.5,3,13,14
9.5,3,14,4
9.5,3,16,4
9.5,3,17,7
9.5,3,18,3
9.5,3,19,4
9.5,3,20,4
9.5,3,21,7
9.5,3,22,1
9.5,3,23,14
9.5,3,24,10
9.5,3,25,4
9.5,3,26,24
9.5,3,27,20
9.5,3,28,28
9.5,3,29,1
9.5,3,3,4
9.5,3,30,5
9.5,3,31,45
9.5,3,32,5
9.5,3,33,20
9.5,3,34,4
9.5,3,35,2
9.5,3,36,6
9.5,3,37,12
9.5,3,39,2
9.5,3,41,36
9.5,3,5,49
9.5,3,6,20
9.5,3,7,38
9.5,3,8,9
9.5,3,9,46
9.5,4,16,3
9.5,4,28,2
9.5,4,31,1
9.5,4,33,1
9.5,5,0,31
9.5,5,10,19
9.5,5,11,14
9.5,5,12,1
9.5,5,13,25
9.5,5,14,27
9.5,5,15,9
9.5,5,16,27
9.5,5,17,3
9.5,5,18,3
9.5,5,19,4
9.5,5,20,14
9.5,5,21,13
9.5,5,22,13
9.5,5,23,24
9.5,5,24,3
9.5,5,25,6
9.5,5,26,29
9.5,5,27,41
9.5,5,28,27
9.5,5,29,7
9.5,5,3,2
9.5,5,30,2
9.5,5,31,36
9.5,5,32,4
9.5,5,33,42
9.5,5,34,5
9.5,5,35,11
9.5,5,36,14
9.5,5,37,10
9.5,5,38,10
9.5,5,39,9
9.5,5,41,30
9.5,5,5,37
9.5,5,6,4
9.5,5,7,37
9.5,5,8,14
9.5,5,9,17
9.5,6,1,1
9.5,6,10,2
9.5,6,13,10
9.5,6,16,9
9.5,6,17,1
9.5,6,18,3
9.5,6,21,1
9.5,6,23,1
9.5,6,24,1
9.5,6,26,16
9.5,6,27,6
9.5,6,28,1
9.5,6,3,5
9.5,6,31,2
9.5,6,32,1
9.5,6,33,4
9.5,6,37,1
9.5,6,39,5
9.5,6,4,3
9.5,6,41,5
9.5,6,5,10
9.5,6,6,1
9.5,6,7,3
9.5,6,9,2
9.5,7,0,36
9.5,7,10,4
9.5,7,12,4
9.5,7,13,12
9.5,7,14,3
9.5,7,15,3
9.5,7,16,18
9.5,7,17,7
9.5,7,19,2
9.5,7,21,1
9.5,7,22,4
9.5,7,23,38
9.5,7,25,9
9.5,7,26,16
9.5,7,27,19
9.5,7,28,33
9.5,7,29,3
9.5,7,30,2
9.5,7,31,33
9.5,7,32,4
9.5,7,33,29
9.5,7,34,22
9.5,7,35,4
9.5,7,37,6
9.5,7,38,3
9.5,7,39,34
9.5,7,41,22
9.5,7,5,14
9.5,7,7,8
9.5,7,8,6
9.5,7,9,12
9.5,8,0,1
9.5,8,13,30
9.5,8,2,1
9.5,8,26,1
9.5,9,10,14
9.5,9,11,19
9.5,9,12,6
9.5,9,13,38
9.5,9,14,6
9.5,9,16,56
9.5,9,17,19
9.5,9,18,35
9.5,9,19,12
9.5,9,20,13
9.5,9,21,15
9.5,9,23,4
9.5,9,24,5
9.5,9,25,14
9.5,9,26,30
9.5,9,27,63
9.5,9,28,21
9.5,9,29,4
9.5,9,3,4
9.5,9,30,18
9.5,9,31,31
9.5,9,32,15
9.5,9,33,39
9.5,9,34,15
9.5,9,35,11
9.5,9,36,6
9.5,9,37,13
9.5,9,38,7
9.5,9,39,7
9.5,9,40,4
9.5,9,41,40
9.5,9,5,42
9.5,9,6,3
9.5,9,7,21
9.5,9,8,13
9.5,9,9,24
10.0,0,10,4
10.0,0,11,2
10.0,0,12,5
10.0,0,14,1
10.0,0,16,25
10.0,0,17,10
10.0,0,18,11
10.0,0,19,16
10.0,0,21,7
10.0,0,23,27
10.0,0,24,6
10.0,0,26,19
10.0,0,27,18
10.0,0,28,50
10.0,0,29,10
10.0,0,3,3
10.0,0,30,5
10.0,0,31,27
10.0,0,32,3
10.0,0,33,31
10.0,0,34,13
10.0,0,36,7
10.0,0,37,6
10.0,0,39,6
10.0,0,4,6
10.0,0,41,25
10.0,0,5,23
10.0,0,6,4
10.0,0,7,12
10.0,0,8,4
10.0,0,9,27
10.0,1,0,21
10.0,10,10,4
10.0,10,11,16
10.0,10,12,8
10.0,10,15,13
10.0,10,16,27
10.0,10,17,16
10.0,10,18,6
10.0,10,19,1
10.0,10,21,12
10.0,10,22,12
10.0,10,23,28
10.0,10,24,8
10.0,10,25,2
10.0,10,26,20
10.0,10,27,29
10.0,10,28,23
10.0,10,29,4
10.0,10,3,13
10.0,10,30,8
10.0,10,31,38
10.0,10,32,3
10.0,10,33,27
10.0,10,34,2
10.0,10,35,1
10.0,10,36,15
10.0,10,37,12
10.0,10,38,1
10.0,10,39,23
10.0,10,4,11
10.0,10,41,51
10.0,10,5,26
10.0,10,6,9
10.0,10,7,20
10.0,10,8,4
10.0,10,9,41
10.0,11,0,2
10.0,11,1,4
10.0,11,14,1
10.0,11,16,2
10.0,11,2,2
10.0,11,26,4
10.0,11,27,6
10.0,11,28,5
10.0,11,29,1
10.0,11,30,4
10.0,11,31,1
10.0,11,32,1
10.0,11,33,2
10.0,11,37,8
10.0,11,39,1
10.0,1,14,2
10.0,1,15,4
10.0,11,5,2
10.0,11,6,1
10.0,11,7,3
10.0,11,9,2
10.0,1,2,5
10.0,1,20,5
10.0,1,21,3
10.0,1,24,6
10.0,1,26,2
10.0,1,27,7
10.0,1,34,11
10.0,1,35,7
10.0,1,36,6
10.0,1,38,5
10.0,1,4,5
10.0,1,5,7
10.0,1,7,3
10.0,2,10,4
10.0,2,12,9
10.0,2,14,6
10.0,2,15,3
10.0,2,16,18
10.0,2,17,5
10.0,2,18,39
10.0,2,19,8
10.0,2,20,7
10.0,2,21,2
10.0,2,22,7
10.0,2,23,15
10.0,2,24,3
10.0,2,26,29
10.0,2,27,18
10.0,2,28,19
10.0,2,31,43
10.0,2,32,6
10.0,2,33,20
10.0,2,34,10
10.0,2,35,4
10.0,2,36,6
10.0,2,37,1
10.0,2,38,4
10.0,2,39,2
10.0,2,4,3
10.0,2,41,39
10.0,2,5,23
10.0,2,6,3
10.0,2,7,16
10.0,2,8,4
10.0,2,9,26
10.0,3,10,9
10.0,3,14,3
10.0,3,15,3
10.0,3,16,32
10.0,3,17,7
10.0,3,18,4
10.0,3,19,3
10.0,3,20,8
10.0,3,21,15
10.0,3,23,5
10.0,3,26,16
10.0,3,27,12
10.0,3,28,28
10.0,3,29,12
10.0,3,3,3
10.0,3,30,2
10.0,3,31,23
10.0,3,32,4
10.0,3,33,37
10.0,3,34,17
10.0,3,35,3
10.0,3,36,6
10.0,3,38,18
10.0,3,41,61
10.0,3,5,20
10.0,3,6,12
10.0,3,7,29
10.0,3,8,1
10.0,3,9,30
10.0,4,26,2
10.0,4,28,1
10.0,4,31,1
10.0,4,7,1
10.0,4,9,1
10.0,5,1,43
10.0,5,10,40
10.0,5,11,10
10.0,5,12,34
10.0,5,16,41
10.0,5,17,25
10.0,5,18,12
10.0,5,19,19
10.0,5,20,1
10.0,5,21,2
10.0,5,22,11
10.0,5,23,18
10.0,5,25,5
10.0,5,26,41
10.0,5,27,25
10.0,5,28,28
10.0,5,29,13
10.0,5,3,2
10.0,5,30,14
10.0,5,31,40
10.0,5,33,32
10.0,5,34,34
10.0,5,35,13
10.0,5,36,13
10.0,5,37,12
10.0,5,38,20
10.0,5,39,4
10.0,5,4,2
10.0,5,41,39
10.0,5,5,63
10.0,5,6,9
10.0,5,7,25
10.0,5,9,18
10.0,6,0,10
10.0,6,11,7
10.0,6,16,1
10.0,6,17,2
10.0,6,25,7
10.0,6,26,2
10.0,6,27,11
10.0,6,28,5
10.0,6,31,2
10.0,6,32,5
10.0,6,33,8
10.0,6,34,1
10.0,6,37,1
10.0,6,5,6
10.0,6,6,3
10.0,6,7,6
10.0,7,11,14
10.0,7,16,22
10.0,7,18,7
10.0,7,20,12
10.0,7,21,10
10.0,7,22,6
10.0,7,23,5
10.0,7,24,6
10.0,7,25,4
10.0,7,26,40
10.0,7,27,32
10.0,7,28,51
10.0,7,29,3
10.0,7,3,4
10.0,7,31,33
10.0,7,32,19
10.0,7,33,13
10.0,7,34,7
10.0,7,35,9
10.0,7,36,18
10.0,7,37,3
10.0,7,39,1
10.0,7,4,4
10.0,7,41,55
10.0,7,5,7
10.0,7,6,2
10.0,7,7,23
10.0,7,8,3
10.0,7,9,67
10.0,8,27,31
10.0,8,7,1
10.0,9,10,17
10.0,9,11,5
10.0,9,12,5
10.0,9,14,7
10.0,9,15,5
10.0,9,16,35
10.0,9,17,16
10.0,9,18,3
10.0,9,19,9
10.0,9,20,10
10.0,9,21,12
10.0,9,23,14
10.0,9,24,7
10.0,9,25,9
10.0,9,26,58
10.0,9,27,74
10.0,9,28,23
10.0,9,29,19
10.0,9,3,4
10.0,9,31,56
10.0,9,32,2
10.0,9,33,15
10.0,9,35,4
10.0,9,36,18
10.0,9,37,9
10.0,9,39,21
10.0,9,41,42
10.0,9,5,29
10.0,9,6,12
10.0,9,7,29
10.0,9,8,4
10.0,9,9,52
10.5,0,10,3
10.5,0,11,14
10.5,0,12,6
10.5,0,14,4
10.5,0,16,33
10.5,0,19,15
10.5,0,21,10
10.5,0,22,2
10.5,0,23,15
10.5,0,24,12
10.5,0,25,3
10.5,0,26,24
10.5,0,27,12
10.5,0,28,20
10.5,0,29,10
10.5,0,3,2
10.5,0,31,30
10.5,0,32,6
10.5,0,33,34
10.5,0,34,4
10.5,0,35,8
10.5,0,36,3
10.5,0,37,2
10.5,0,38,4
10.5,0,39,8
10.5,0,5,23
10.5,0,6,11
10.5,0,7,18
10.5,0,8,3
10.5,0,9,26
10.5,10,11,9
10.5,10,14,14
10.5,10,15,10
10.5,10,16,35
10.5,10,17,17
10.5,10,18,4
10.5,10,19,4
10.5,10,20,10
10.5,10,22,8
10.5,10,23,8
10.5,10,24,10
10.5,10,26,20
10.5,10,27,19
10.5,10,28,34
10.5,10,29,18
10.5,10,3,13
10.5,10,30,4
10.5,10,31,9
10.5,10,32,17
10.5,10,33,34
10.5,10,34,14
10.5,10,35,17
10.5,10,36,15
10.5,10,37,4
10.5,10,38,12
10.5,10,39,11
10.5,10,4,15
10.5,10,5,12
10.5,10,6,7
10.5,10,7,32
10.5,10,8,11
10.5,10,9,20
10.5,11,16,7
10.5,11,20,2
10.5,11,24,1
10.5,11,26,1
10.5,11,28,11
10.5,11,29,2
10.5,11,31,5
10.5,11,32,7
10.5,11,33,2
10.5,11,34,4
10.5,11,5,1
10.5,1,16,6
10.5,1,18,3
10.5,1,19,7
10.5,11,9,3
10.5,1,26,6
10.5,1,27,14
10.5,1,29,5
10.5,1,37,5
10.5,1,38,3
10.5,1,5,7
10.5,1,6,6
10.5,1,7,6
10.5,2,10,12
10.5,2,12,4
10.5,2,14,8
10.5,2,15,3
10.5,2,16,15
10.5,2,17,40
10.5,2,19,9
10.5,2,20,3
10.5,2,21,6
10.5,2,22,8
10.5,2,23,7
10.5,2,24,4
10.5,2,25,2
10.5,2,26,32
10.5,2,27,11
10.5,2,28,15
10.5,2,29,23
10.5,2,3,4
10.5,2,30,6
10.5,2,31,37
10.5,2,32,8
10.5,2,33,13
10.5,2,34,12
10.5,2,35,8
10.5,2,38,4
10.5,2,39,15
10.5,2,5,36
10.5,2,6,6
10.5,2,7,21
10.5,2,8,5
10.5,2,9,21
10.5,3,10,4
10.5,3,11,2
10.5,3,12,5
10.5,3,14,8
10.5,3,15,6
10.5,3,16,19
10.5,3,17,7
10.5,3,18,8
10.5,3,19,7
10.5,3,20,5
10.5,3,21,2
10.5,3,22,7
10.5,3,23,10
10.5,3,24,4
10.5,3,26,34
10.5,3,27,27
10.5,3,28,27
10.5,3,29,2
10.5,3,3,11
10.5,3,30,12
10.5,3,31,21
10.5,3,32,4
10.5,3,33,8
10.5,3,34,27
10.5,3,35,22
10.5,3,36,7
10.5,3,37,9
10.5,3,39,1
10.5,3,4,2
10.5,3,5,16
10.5,3,6,7
10.5,3,7,8
10.5,3,9,20
10.5,4,16,1
10.5,4,20,1
10.5,4,33,1
10.5,4,35,1
10.5,4,9,1
10.5,5,10,4
10.5,5,11,4
10.5,5,12,3
10.5,5,14,8
10.5,5,15,4
10.5,5,16,37
10.5,5,17,2
10.5,5,18,2
10.5,5,19,20
10.5,5,20,23
10.5,5,21,17
10.5,5,22,19
10.5,5,23,10
10.5,5,24,11
10.5,5,25,3
10.5,5,26,36
10.5,5,27,20
10.5,5,28,26
10.5,5,29,11
10.5,5,3,7
10.5,5,30,5
10.5,5,31,27
10.5,5,32,10
10.5,5,33,23
10.5,5,34,5
10.5,5,35,8
10.5,5,37,17
10.5,5,38,11
10.5,5,39,17
10.5,5,4,11
10.5,5,5,30
10.5,5,6,39
10.5,5,7,18
10.5,5,8,5
10.5,5,9,46
10.5,6,10,1
10.5,6,11,5
10.5,6,16,3
10.5,6,19,1
10.5,6,20,5
10.5,6,27,2
10.5,6,28,5
10.5,6,30,7
10.5,6,31,4
10.5,6,33,3
10.5,6,35,1
10.5,6,39,1
10.5,6,5,7
10.5,6,7,5
10.5,6,9,4
10.5,7,10,12
10.5,7,14,10
10.5,7,15,12
10.5,7,16,10
10.5,7,18,7
10.5,7,19,1
10.5,7,21,2
10.5,7,22,9
10.5,7,23,15
10.5,7,24,2
10.5,7,25,8
10.5,7,26,20
10.5,7,27,16
10.5,7,28,2
10.5,7,29,3
10.5,7,3,7
10.5,7,30,3
10.5,7,31,14
10.5,7,33,23
10.5,7,34,8
10.5,7,35,2
10.5,7,37,7
10.5,7,38,4
10.5,7,39,5
10.5,7,4,4
10.5,7,5,2
10.5,7,6,12
10.5,7,7,22
10.5,7,8,19
10.5,7,9,12
10.5,8,16,1
10.5,8,39,1
10.5,8,6,30
10.5,8,7,1
10.5,9,10,8
10.5,9,11,2
10.5,9,15,13
10.5,9,16,44
10.5,9,17,4
10.5,9,18,5
10.5,9,19,11
10.5,9,20,16
10.5,9,21,12
10.5,9,22,6
10.5,9,23,4
10.5,9,24,12
10.5,9,25,8
10.5,9,26,33
10.5,9,27,42
10.5,9,28,19
10.5,9,29,7
10.5,9,3,14
10.5,9,31,61
10.5,9,32,14
10.5,9,33,36
10.5,9,34,5
10.5,9,35,4
10.5,9,36,4
10.5,9,37,32
10.5,9,38,11
10.5,9,4,2
10.5,9,5,62
10.5,9,6,6
10.5,9,7,18
10.5,9,8,2
10.5,9,9,52
11.0,0,10,2
11.0,0,11,3
11.0,0,14,6
11.0,0,15,4
11.0,0,16,30
11.0,0,17,8
11.0,0,18,8
11.0,0,21,18
11.0,0,22,9
11.0,0,23,23
11.0,0,24,13
11.0,0,25,3
11.0,0,26,19
11.0,0,27,25
11.0,0,28,16
11.0,0,29,5
11.0,0,3,12
11.0,0,30,4
11.0,0,31,19
11.0,0,33,12
11.0,0,34,12
11.0,0,35,4
11.0,0,36,11
11.0,0,37,10
11.0,0,38,8
11.0,0,39,16
11.0,0,4,2
11.0,0,5,23
11.0,0,6,11
11.0,0,7,27
11.0,0,9,19
11.0,10,10,9
11.0,10,14,4
11.0,10,15,13
11.0,10,16,77
11.0,10,17,3
11.0,10,18,3
11.0,10,19,14
11.0,10,20,4
11.0,10,21,11
11.0,10,23,14
11.0,10,24,4
11.0,10,25,11
11.0,10,26,12
11.0,10,27,7
11.0,10,28,34
11.0,10,29,5
11.0,10,3,9
11.0,10,30,4
11.0,10,31,36
11.0,10,32,18
11.0,10,33,30
11.0,10,34,5
11.0,10,35,1
11.0,10,36,9
11.0,10,37,14
11.0,10,38,3
11.0,10,39,5
11.0,10,4,8
11.0,10,5,54
11.0,10,6,7
11.0,10,7,40
11.0,10,9,36
11.0,11,10,4
11.0,11,14,2
11.0,11,21,5
11.0,11,22,3
11.0,11,26,2
11.0,11,27,2
11.0,11,28,3
11.0,11,29,4
11.0,11,31,5
11.0,11,32,3
11.0,11,33,3
11.0,11,34,2
11.0,11,35,4
11.0,11,39,1
11.0,11,5,3
11.0,1,16,2
11.0,11,6,5
11.0,1,17,5
11.0,11,7,6
11.0,1,19,2
11.0,11,9,5
11.0,1,22,6
11.0,1,23,6
11.0,1,27,5
11.0,1,28,3
11.0,1,31,10
11.0,1,33,5
11.0,1,35,8
11.0,1,5,5
11.0,1,8,3
11.0,1,9,15
11.0,2,10,13
11.0,2,12,2
11.0,2,14,5
11.0,2,15,4
11.0,2,16,22
11.0,2,17,4
11.0,2,18,12
11.0,2,19,4
11.0,2,20,7
11.0,2,22,7
11.0,2,23,21
11.0,2,26,13
11.0,2,27,45
11.0,2,28,27
11.0,2,31,26
11.0,2,32,6
11.0,2,33,21
11.0,2,34,9
11.0,2,35,16
11.0,2,36,39
11.0,2,37,2
11.0,2,38,4
11.0,2,39,2
11.0,2,4,3
11.0,2,5,22
11.0,2,6,6
11.0,2,7,15
11.0,2,8,5
11.0,2,9,11
11.0,3,1,4
11.0,3,10,14
11.0,3,12,7
11.0,3,14,5
11.0,3,15,2
11.0,3,16,22
11.0,3,17,8
11.0,3,18,4
11.0,3,21,26
11.0,3,23,6
11.0,3,24,17
11.0,3,25,11
11.0,3,26,12
11.0,3,27,35
11.0,3,28,19
11.0,3,29,3
11.0,3,3,2
11.0,3,30,1
11.0,3,31,27
11.0,3,32,28
11.0,3,33,17
11.0,3,34,8
11.0,3,35,10
11.0,3,36,7
11.0,3,37,18
11.0,3,38,1
11.0,3,39,12
11.0,3,4,2
11.0,3,40,3
11.0,3,5,23
11.0,3,6,4
11.0,3,7,33
11.0,3,8,4
11.0,3,9,10
11.0,4,10,1
11.0,4,24,1
11.0,4,28,1
11.0,4,33,1
11.0,4,5,2
11.0,4,7,1
11.0,5,10,16
11.0,5,11,8
11.0,5,12,5
11.0,5,14,11
11.0,5,15,9
11.0,5,16,29
11.0,5,18,11
11.0,5,19,14
11.0,5,20,12
11.0,5,21,38
11.0,5,22,2
11.0,5,23,35
11.0,5,24,10
11.0,5,25,4
11.0,5,26,23
11.0,5,27,41
11.0,5,28,13
11.0,5,29,5
11.0,5,30,50
11.0,5,31,31
11.0,5,32,8
11.0,5,33,29
11.0,5,34,17
11.0,5,35,8
11.0,5,36,5
11.0,5,37,7
11.0,5,38,59
11.0,5,39,8
11.0,5,4,7
11.0,5,40,7
11.0,5,5,43
11.0,5,6,7
11.0,5,7,78
11.0,5,8,3
11.0,5,9,11
11.0,6,16,1
11.0,6,19,1
11.0,6,21,1
11.0,6,22,3
11.0,6,24,1
11.0,6,25,6
11.0,6,26,7
11.0,6,27,2
11.0,6,28,6
11.0,6,31,9
11.0,6,32,1
11.0,6,33,3
11.0,6,34,2
11.0,6,37,1
11.0,6,39,1
11.0,6,5,12
11.0,6,7,23
11.0,6,9,10
11.0,7,10,8
11.0,7,11,6
11.0,7,14,14
11.0,7,15,3
11.0,7,16,51
11.0,7,17,13
11.0,7,18,12
11.0,7,19,7
11.0,7,20,16
11.0,7,21,16
11.0,7,22,3
11.0,7,24,8
11.0,7,26,57
11.0,7,27,20
11.0,7,28,38
11.0,7,29,3
11.0,7,3,14
11.0,7,30,39
11.0,7,31,26
11.0,7,32,6
11.0,7,33,16
11.0,7,34,5
11.0,7,35,3
11.0,7,37,11
11.0,7,38,6
11.0,7,39,8
11.0,7,4,7
11.0,7,40,2
11.0,7,5,35
11.0,7,6,5
11.0,7,7,12
11.0,7,8,7
11.0,7,9,26
11.0,8,21,1
11.0,8,28,1
11.0,9,10,20
11.0,9,11,21
11.0,9,12,3
11.0,9,14,10
11.0,9,15,13
11.0,9,16,33
11.0,9,17,7
11.0,9,18,4
11.0,9,19,7
11.0,9,2,4
11.0,9,20,6
11.0,9,21,12
11.0,9,22,7
11.0,9,23,13
11.0,9,25,5
11.0,9,26,17
11.0,9,27,65
11.0,9,28,55
11.0,9,29,3
11.0,9,3,18
11.0,9,30,14
11.0,9,31,43
11.0,9,32,7
11.0,9,33,22
11.0,9,34,18
11.0,9,35,16
11.0,9,36,16
11.0,9,37,7
11.0,9,39,13
11.0,9,4,2
11.0,9,5,23
11.0,9,6,14
11.0,9,7,41
11.0,9,9,44
11.5,0,10,3
11.5,0,11,5
11.5,0,12,4
11.5,0,13,17
11.5,0,14,6
11.5,0,15,2
11.5,0,16,18
11.5,0,17,3
11.5,0,18,4
11.5,0,20,6
11.5,0,21,13
11.5,0,23,23
11.5,0,24,16
11.5,0,26,7
11.5,0,27,15
11.5,0,28,10
11.5,0,29,15
11.5,0,3,4
11.5,0,30,5
11.5,0,31,29
11.5,0,32,7
11.5,0,33,6
11.5,0,34,14
11.5,0,35,8
11.5,0,36,10
11.5,0,37,9
11.5,0,38,9
11.5,0,39,1
11.5,0,4,4
11.5,0,40,1
11.5,0,5,27
11.5,0,6,14
11.5,0,7,22
11.5,0,8,8
11.5,0,9,13
11.5,10,11,3
11.5,10,13,37
11.5,10,14,4
11.5,10,15,8
11.5,10,16,7
11.5,10,17,16
11.5,10,18,15
11.5,10,19,7
11.5,10,20,14
11.5,10,21,3
11.5,10,22,4
11.5,10,23,3
11.5,10,24,25
11.5,10,26,49
11.5,10,27,22
11.5,10,28,20
11.5,10,29,15
11.5,10,3,2
11.5,10,30,6
11.5,10,31,27
11.5,10,32,3
11.5,10,33,24
11.5,10,34,16
11.5,10,35,9
11.5,10,36,14
11.5,10,37,13
11.5,10,38,1
11.5,10,39,4
11.5,10,5,23
11.5,10,6,9
11.5,10,7,59
11.5,10,8,1
11.5,10,9,39
11.5,11,10,1
11.5,11,13,4
11.5,11,16,3
11.5,11,17,1
11.5,11,19,2
11.5,1,12,2
11.5,11,20,2
11.5,11,23,1
11.5,11,24,4
11.5,11,26,6
11.5,11,27,2
11.5,11,28,8
11.5,1,13,3
11.5,11,3,4
11.5,11,31,2
11.5,11,33,1
11.5,11,35,1
11.5,11,37,2
11.5,1,14,4
11.5,11,5,3
11.5,1,16,7
11.5,11,7,1
11.5,11,9,1
11.5,1,23,5
11.5,1,28,6
11.5,1,30,3
11.5,1,33,3
11.5,1,36,9
11.5,1,38,3
11.5,1,4,3
11.5,1,7,15
11.5,1,9,5
11.5,2,10,4
11.5,2,11,1
11.5,2,13,13
11.5,2,14,8
11.5,2,16,9
11.5,2,17,7
11.5,2,18,3
11.5,2,19,12
11.5,2,20,6
11.5,2,21,15
11.5,2,23,2
11.5,2,24,5
11.5,2,25,7
11.5,2,26,26
11.5,2,27,28
11.5,2,28,17
11.5,2,29,3
11.5,2,3,6
11.5,2,30,2
11.5,2,31,29
11.5,2,32,3
11.5,2,33,8
11.5,2,34,11
11.5,2,36,7
11.5,2,37,5
11.5,2,38,9
11.5,2,39,12
11.5,2,4,12
11.5,2,5,13
11.5,2,6,19
11.5,2,7,43
11.5,2,9,4
11.5,3,10,17
11.5,3,11,4
11.5,3,12,2
11.5,3,13,16
11.5,3,15,2
11.5,3,16,14
11.5,3,17,7
11.5,3,18,9
11.5,3,19,2
11.5,3,20,14
11.5,3,21,2
11.5,3,22,5
11.5,3,23,2
11.5,3,25,7
11.5,3,26,38
11.5,3,27,33
11.5,3,28,25
11.5,3,29,5
11.5,3,3,6
11.5,3,30,4
11.5,3,31,29
11.5,3,32,28
11.5,3,33,48
11.5,3,34,6
11.5,3,36,9
11.5,3,37,15
11.5,3,38,7
11.5,3,39,11
11.5,3,5,31
11.5,3,6,16
11.5,3,7,34
11.5,3,9,32
11.5,4,26,1
11.5,4,31,1
11.5,4,5,1
11.5,4,6,1
11.5,5,10,12
11.5,5,11,7
11.5,5,12,27
11.5,5,13,59
11.5,5,14,5
11.5,5,16,69
11.5,5,17,17
11.5,5,18,6
11.5,5,19,2
11.5,5,20,9
11.5,5,21,2
11.5,5,23,7
11.5,5,24,6
11.5,5,25,20
11.5,5,26,41
11.5,5,27,17
11.5,5,28,28
11.5,5,29,16
11.5,5,3,12
11.5,5,30,10
11.5,5,31,47
11.5,5,32,6
11.5,5,33,35
11.5,5,34,18
11.5,5,35,17
11.5,5,37,21
11.5,5,39,3
11.5,5,5,33
11.5,5,6,2
11.5,5,7,44
11.5,5,8,31
11.5,5,9,34
11.5,6,13,3
11.5,6,14,7
11.5,6,16,5
11.5,6,19,1
11.5,6,21,1
11.5,6,23,1
11.5,6,26,1
11.5,6,27,9
11.5,6,28,3
11.5,6,29,1
11.5,6,31,10
11.5,6,33,9
11.5,6,34,2
11.5,6,38,3
11.5,6,5,8
11.5,6,7,3
11.5,6,9,1
11.5,7,10,8
11.5,7,12,16
11.5,7,13,14
11.5,7,15,5
11.5,7,16,19
11.5,7,17,1
11.5,7,18,20
11.5,7,19,9
11.5,7,21,9
11.5,7,22,4
11.5,7,23,17
11.5,7,24,44
11.5,7,25,3
11.5,7,26,37
11.5,7,27,28
11.5,7,28,23
11.5,7,3,4
11.5,7,30,13
11.5,7,31,43
11.5,7,32,4
11.5,7,33,19
11.5,7,34,3
11.5,7,35,4
11.5,7,37,10
11.5,7,38,2
11.5,7,39,11
11.5,7,4,3
11.5,7,5,28
11.5,7,7,35
11.5,7,9,14
11.5,8,16,30
11.5,8,36,1
11.5,8,5,2
11.5,9,10,11
11.5,9,11,19
11.5,9,13,29
11.5,9,15,2
11.5,9,16,42
11.5,9,17,11
11.5,9,18,6
11.5,9,19,28
11.5,9,20,4
11.5,9,21,8
11.5,9,22,2
11.5,9,23,5
11.5,9,24,11
11.5,9,25,5
11.5,9,26,28
11.5,9,27,23
11.5,9,28,74
11.5,9,29,4
11.5,9,3,3
11.5,9,30,4
11.5,9,31,23
11.5,9,33,32
11.5,9,34,11
11.5,9,35,21
11.5,9,36,14
11.5,9,37,5
11.5,9,38,8
11.5,9,39,6
11.5,9,4,21
11.5,9,40,3
11.5,9,5,31
11.5,9,6,7
11.5,9,7,13
11.5,9,8,11
11.5,9,9,21
12.0,0,11,10
12.0,0,12,5
12.0,0,13,27
12.0,0,14,16
12.0,0,16,36
12.0,0,17,3
12.0,0,18,3
12.0,0,19,14
12.0,0,20,3
12.0,0,21,11
12.0,0,22,16
12.0,0,23,7
12.0,0,24,4
12.0,0,26,29
12.0,0,27,18
12.0,0,28,20
12.0,0,29,17
12.0,0,3,4
12.0,0,31,30
12.0,0,32,8
12.0,0,33,10
12.0,0,34,10
12.0,0,36,5
12.0,0,38,2
12.0,0,39,6
12.0,0,4,5
12.0,0,5,18
12.0,0,6,7
12.0,0,7,27
12.0,0,8,6
12.0,0,9,24
12.0,10,10,1
12.0,10,11,8
12.0,10,13,35
12.0,10,16,35
12.0,10,18,10
12.0,10,19,20
12.0,10,20,7
12.0,10,21,11
12.0,10,22,10
12.0,10,23,31
12.0,10,24,11
12.0,10,25,7
12.0,10,26,32
12.0,10,27,21
12.0,10,28,22
12.0,10,29,18
12.0,10,3,8
12.0,10,30,10
12.0,10,31,28
12.0,10,33,38
12.0,10,34,13
12.0,10,35,8
12.0,10,36,6
12.0,10,37,7
12.0,10,38,7
12.0,10,39,20
12.0,10,4,3
12.0,10,5,39
12.0,10,6,8
12.0,10,7,41
12.0,10,8,5
12.0,10,9,27
12.0,1,11,5
12.0,11,13,1
12.0,11,16,3
12.0,11,17,1
12.0,11,20,1
12.0,11,21,1
12.0,11,23,4
12.0,11,26,6
12.0,11,27,2
12.0,1,13,13
12.0,11,3,6
12.0,11,31,4
12.0,11,32,2
12.0,11,33,5
12.0,11,34,1
12.0,11,37,1
12.0,1,14,5
12.0,11,5,2
12.0,11,7,3
12.0,11,9,1
12.0,1,20,2
12.0,1,27,4
12.0,1,28,7
12.0,1,30,3
12.0,1,31,10
12.0,1,33,2
12.0,1,35,3
12.0,1,5,3
12.0,2,10,18
12.0,2,11,14
12.0,2,12,11
12.0,2,13,34
12.0,2,14,2
12.0,2,16,20
12.0,2,17,7
12.0,2,18,7
12.0,2,19,2
12.0,2,20,2
12.0,2,22,12
12.0,2,23,7
12.0,2,24,15
12.0,2,26,26
12.0,2,27,45
12.0,2,28,20
12.0,2,29,4
12.0,2,3,3
12.0,2,30,5
12.0,2,31,27
12.0,2,32,16
12.0,2,33,26
12.0,2,34,21
12.0,2,35,4
12.0,2,36,3
12.0,2,37,8
12.0,2,39,1
12.0,2,4,5
12.0,2,5,30
12.0,2,6,3
12.0,2,7,8
12.0,2,8,2
12.0,2,9,31
12.0,3,10,2
12.0,3,11,10
12.0,3,13,45
12.0,3,14,10
12.0,3,15,2
12.0,3,16,46
12.0,3,17,3
12.0,3,18,22
12.0,3,19,9
12.0,3,20,3
12.0,3,21,18
12.0,3,22,6
12.0,3,23,10
12.0,3,24,9
12.0,3,25,13
12.0,3,26,21
12.0,3,27,28
12.0,3,28,43
12.0,3,29,4
12.0,3,3,6
12.0,3,30,4
12.0,3,31,17
12.0,3,32,2
12.0,3,33,16
12.0,3,34,16
12.0,3,35,10
12.0,3,36,1
12.0,3,37,13
12.0,3,38,8
12.0,3,39,12
12.0,3,5,12
12.0,3,6,17
12.0,3,7,14
12.0,3,8,1
12.0,3,9,41
12.0,4,10,1
12.0,4,20,1
12.0,4,27,1
12.0,5,10,23
12.0,5,11,8
12.0,5,12,11
12.0,5,13,25
12.0,5,14,20
12.0,5,15,10
12.0,5,16,24
12.0,5,17,8
12.0,5,19,24
12.0,5,20,2
12.0,5,23,43
12.0,5,25,15
12.0,5,26,41
12.0,5,27,18
12.0,5,28,81
12.0,5,29,17
12.0,5,30,5
12.0,5,31,17
12.0,5,32,6
12.0,5,33,34
12.0,5,34,3
12.0,5,35,4
12.0,5,36,9
12.0,5,37,11
12.0,5,38,7
12.0,5,39,6
12.0,5,4,6
12.0,5,5,28
12.0,5,6,13
12.0,5,7,28
12.0,5,8,7
12.0,5,9,33
12.0,6,10,1
12.0,6,16,4
12.0,6,19,5
12.0,6,20,1
12.0,6,21,1
12.0,6,23,2
12.0,6,26,1
12.0,6,27,11
12.0,6,28,7
12.0,6,29,1
12.0,6,31,1
12.0,6,32,1
12.0,6,33,8
12.0,6,36,1
12.0,6,37,5
12.0,6,4,7
12.0,6,5,6
12.0,6,7,6
12.0,6,9,2
12.0,7,10,10
12.0,7,12,5
12.0,7,13,25
12.0,7,14,4
12.0,7,15,4
12.0,7,16,25
12.0,7,17,3
12.0,7,18,12
12.0,7,19,2
12.0,7,20,16
12.0,7,21,10
12.0,7,22,5
12.0,7,23,17
12.0,7,24,7
12.0,7,26,13
12.0,7,27,18
12.0,7,28,35
12.0,7,30,4
12.0,7,31,43
12.0,7,32,8
12.0,7,33,24
12.0,7,34,7
12.0,7,35,14
12.0,7,36,2
12.0,7,37,11
12.0,7,38,4
12.0,7,39,19
12.0,7,5,15
12.0,7,6,11
12.0,7,7,12
12.0,7,9,19
12.0,8,16,2
12.0,8,20,30
12.0,8,7,2
12.0,9,10,7
12.0,9,11,2
12.0,9,12,5
12.0,9,13,70
12.0,9,14,6
12.0,9,15,4
12.0,9,16,27
12.0,9,17,4
12.0,9,18,14
12.0,9,19,11
12.0,9,20,17
12.0,9,21,8
12.0,9,23,9
12.0,9,24,7
12.0,9,25,7
12.0,9,26,37
12.0,9,27,24
12.0,9,28,39
12.0,9,29,8
12.0,9,3,17
12.0,9,30,8
12.0,9,31,38
12.0,9,32,19
12.0,9,33,45
12.0,9,34,8
12.0,9,35,24
12.0,9,36,3
12.0,9,37,11
12.0,9,39,9
12.0,9,4,9
12.0,9,5,20
12.0,9,6,9
12.0,9,7,21
12.0,9,8,8
12.0,9,9,29
12.5,0,1,5
12.5,0,10,2
12.5,0,11,9
12.5,0,12,2
12.5,0,13,30
12.5,0,14,4
12.5,0,16,3
12.5,0,17,11
12.5,0,18,2
12.5,0,2,3
12.5,0,20,4
12.5,0,21,5
12.5,0,22,8
12.5,0,23,17
12.5,0,25,7
12.5,0,26,15
12.5,0,27,24
12.5,0,28,21
12.5,0,29,3
12.5,0,30,7
12.5,0,31,12
12.5,0,32,14
12.5,0,33,30
12.5,0,34,18
12.5,0,35,15
12.5,0,36,5
12.5,0,37,6
12.5,0,38,2
12.5,0,39,8
12.5,0,4,12
12.5,0,40,2
12.5,0,5,6
12.5,0,6,9
12.5,0,7,33
12.5,0,8,5
12.5,0,9,23
12.5,10,10,18
12.5,10,11,9
12.5,10,13,58
12.5,10,14,1
12.5,10,15,3
12.5,10,16,34
12.5,10,17,24
12.5,10,19,6
12.5,10,2,4
12.5,10,20,9
12.5,10,21,10
12.5,10,22,2
12.5,10,23,6
12.5,10,24,25
12.5,10,25,12
12.5,10,26,22
12.5,10,27,22
12.5,10,28,16
12.5,10,29,7
12.5,10,3,11
12.5,10,30,11
12.5,10,31,31
12.5,10,32,5
12.5,10,33,43
12.5,10,34,4
12.5,10,35,10
12.5,10,36,4
12.5,10,37,15
12.5,10,38,12
12.5,10,39,4
12.5,10,4,8
12.5,10,5,38
12.5,10,7,50
12.5,10,9,26
12.5,1,10,3
12.5,11,10,4
12.5,11,13,7
12.5,11,14,1
12.5,11,17,1
12.5,11,19,1
12.5,11,23,3
12.5,11,26,2
12.5,11,27,7
12.5,11,28,1
12.5,11,29,1
12.5,11,33,3
12.5,11,36,1
12.5,11,5,7
12.5,1,16,6
12.5,1,17,7
12.5,11,7,2
12.5,1,19,10
12.5,11,9,7
12.5,1,21,3
12.5,1,26,18
12.5,1,27,7
12.5,1,33,6
12.5,1,36,13
12.5,1,37,2
12.5,1,39,2
12.5,1,4,4
12.5,1,5,9
12.5,1,7,10
12.5,1,9,7
12.5,2,10,8
12.5,2,12,13
12.5,2,13,34
12.5,2,14,7
12.5,2,15,4
12.5,2,16,23
12.5,2,17,10
12.5,2,18,4
12.5,2,19,4
12.5,2,20,4
12.5,2,21,1
12.5,2,22,3
12.5,2,23,6
12.5,2,24,3
12.5,2,25,4
12.5,2,26,19
12.5,2,27,13
12.5,2,28,23
12.5,2,29,5
12.5,2,30,5
12.5,2,31,24
12.5,2,33,32
12.5,2,34,17
12.5,2,35,2
12.5,2,37,8
12.5,2,38,7
12.5,2,39,53
12.5,2,5,22
12.5,2,6,13
12.5,2,7,18
12.5,2,8,2
12.5,2,9,24
12.5,3,12,8
12.5,3,13,54
12.5,3,14,15
12.5,3,15,2
12.5,3,16,22
12.5,3,17,3
12.5,3,19,13
12.5,3,20,1
12.5,3,21,10
12.5,3,22,12
12.5,3,23,9
12.5,3,25,6
12.5,3,26,1
12.5,3,27,28
12.5,3,28,31
12.5,3,29,4
12.5,3,30,9
12.5,3,31,25
12.5,3,32,13
12.5,3,33,25
12.5,3,34,8
12.5,3,35,10
12.5,3,36,12
12.5,3,37,7
12.5,3,39,10
12.5,3,4,9
12.5,3,5,22
12.5,3,7,14
12.5,3,8,4
12.5,3,9,28
12.5,4,20,1
12.5,4,23,1
12.5,4,26,2
12.5,4,33,2
12.5,4,5,2
12.5,5,10,7
12.5,5,12,7
12.5,5,13,69
12.5,5,14,24
12.5,5,15,3
12.5,5,16,16
12.5,5,17,6
12.5,5,18,4
12.5,5,19,9
12.5,5,20,9
12.5,5,21,6
12.5,5,22,4
12.5,5,23,18
12.5,5,24,9
12.5,5,25,11
12.5,5,26,47
12.5,5,27,40
12.5,5,28,29
12.5,5,29,5
12.5,5,3,6
12.5,5,30,4
12.5,5,31,17
12.5,5,32,8
12.5,5,33,27
12.5,5,34,11
12.5,5,35,10
12.5,5,36,20
12.5,5,37,4
12.5,5,38,3
12.5,5,39,13
12.5,5,4,4
12.5,5,5,35
12.5,5,6,4
12.5,5,7,22
12.5,5,8,3
12.5,5,9,25
12.5,6,11,3
12.5,6,13,1
12.5,6,16,2
12.5,6,17,1
12.5,6,26,3
12.5,6,27,5
12.5,6,28,3
12.5,6,31,2
12.5,6,32,5
12.5,6,33,3
12.5,6,36,1
12.5,6,37,5
12.5,6,5,4
12.5,6,7,6
12.5,6,8,3
12.5,6,9,8
12.5,7,10,3
12.5,7,11,9
12.5,7,12,3
12.5,7,13,31
12.5,7,14,5
12.5,7,15,7
12.5,7,16,27
12.5,7,18,3
12.5,7,19,1
12.5,7,20,12
12.5,7,21,4
12.5,7,22,9
12.5,7,23,19
12.5,7,24,12
12.5,7,25,4
12.5,7,26,14
12.5,7,27,16
12.5,7,28,28
12.5,7,29,4
12.5,7,3,7
12.5,7,31,5
12.5,7,32,8
12.5,7,33,13
12.5,7,34,5
12.5,7,36,20
12.5,7,37,4
12.5,7,38,11
12.5,7,39,11
12.5,7,4,37
12.5,7,40,3
12.5,7,5,18
12.5,7,6,4
12.5,7,7,62
12.5,7,8,2
12.5,7,9,26
12.5,8,6,1
12.5,9,10,7
12.5,9,11,3
12.5,9,12,5
12.5,9,13,60
12.5,9,14,10
12.5,9,15,4
12.5,9,16,30
12.5,9,17,11
12.5,9,18,9
12.5,9,19,4
12.5,9,2,4
12.5,9,20,15
12.5,9,22,8
12.5,9,23,12
12.5,9,24,19
12.5,9,25,4
12.5,9,26,30
12.5,9,27,47
12.5,9,28,24
12.5,9,29,13
12.5,9,3,22
12.5,9,31,22
12.5,9,32,19
12.5,9,33,45
12.5,9,34,12
12.5,9,35,7
12.5,9,36,4
12.5,9,37,2
12.5,9,38,4
12.5,9,39,4
12.5,9,4,9
12.5,9,5,32
12.5,9,6,13
12.5,9,7,28
12.5,9,9,59
13.0,0,10,10
13.0,0,11,7
13.0,0,12,2
13.0,0,13,56
13.0,0,14,6
13.0,0,15,22
13.0,0,16,26
13.0,0,17,2
13.0,0,19,3
13.0,0,20,11
13.0,0,21,12
13.0,0,22,16
13.0,0,23,14
13.0,0,24,5
13.0,0,25,6
13.0,0,26,26
13.0,0,27,16
13.0,0,28,18
13.0,0,29,6
13.0,0,31,31
13.0,0,32,3
13.0,0,33,21
13.0,0,34,2
13.0,0,35,18
13.0,0,36,2
13.0,0,37,6
13.0,0,38,6
13.0,0,39,1
13.0,0,4,1
13.0,0,40,5
13.0,0,5,21
13.0,0,6,8
13.0,0,7,22
13.0,0,9,24
13.0,10,10,15
13.0,10,11,4
13.0,10,12,7
13.0,10,13,18
13.0,10,14,28
13.0,10,15,3
13.0,10,16,47
13.0,10,17,12
13.0,10,19,7
13.0,10,20,4
13.0,10,21,9
13.0,10,22,16
13.0,10,23,8
13.0,10,24,4
13.0,10,25,8
13.0,10,26,39
13.0,10,27,42
13.0,10,28,40
13.0,10,31,47
13.0,10,32,6
13.0,10,33,46
13.0,10,34,5
13.0,10,35,15
13.0,10,36,3
13.0,10,37,15
13.0,10,39,7
13.0,10,4,16
13.0,10,5,25
13.0,10,6,8
13.0,10,7,22
13.0,10,8,4
13.0,10,9,26
13.0,1,10,2
13.0,11,13,1
13.0,11,16,2
13.0,11,17,1
13.0,11,19,1
13.0,11,20,1
13.0,11,21,1
13.0,11,23,4
13.0,11,25,4
13.0,11,26,1
13.0,11,27,4
13.0,11,28,8
13.0,1,13,9
13.0,11,31,3
13.0,11,33,6
13.0,11,34,1
13.0,1,14,7
13.0,11,5,2
13.0,1,16,14
13.0,1,17,6
13.0,11,7,1
13.0,11,9,5
13.0,1,23,12
13.0,1,26,4
13.0,1,3,2
13.0,1,31,6
13.0,1,4,8
13.0,1,8,6
13.0,2,10,3
13.0,2,11,11
13.0,2,12,7
13.0,2,13,25
13.0,2,14,9
13.0,2,15,8
13.0,2,17,11
13.0,2,19,2
13.0,2,21,6
13.0,2,22,3
13.0,2,23,6
13.0,2,24,4
13.0,2,26,11
13.0,2,27,10
13.0,2,28,21
13.0,2,29,19
13.0,2,3,2
13.0,2,31,31
13.0,2,32,5
13.0,2,33,30
13.0,2,34,6
13.0,2,35,7
13.0,2,36,3
13.0,2,37,7
13.0,2,38,37
13.0,2,4,6
13.0,2,40,3
13.0,2,5,12
13.0,2,6,2
13.0,2,7,22
13.0,2,8,4
13.0,2,9,23
13.0,3,10,10
13.0,3,11,4
13.0,3,12,2
13.0,3,13,29
13.0,3,14,4
13.0,3,15,8
13.0,3,16,28
13.0,3,17,4
13.0,3,18,3
13.0,3,19,16
13.0,3,20,14
13.0,3,21,4
13.0,3,22,1
13.0,3,23,7
13.0,3,24,11
13.0,3,26,39
13.0,3,27,29
13.0,3,28,45
13.0,3,29,11
13.0,3,30,11
13.0,3,31,58
13.0,3,33,17
13.0,3,34,9
13.0,3,35,8
13.0,3,36,15
13.0,3,37,7
13.0,3,38,2
13.0,3,39,11
13.0,3,4,12
13.0,3,41,4
13.0,3,5,14
13.0,3,6,6
13.0,3,7,33
13.0,3,9,25
13.0,4,0,7
13.0,4,16,1
13.0,4,26,3
13.0,4,31,1
13.0,4,5,1
13.0,5,10,2
13.0,5,11,15
13.0,5,12,2
13.0,5,13,52
13.0,5,14,14
13.0,5,15,5
13.0,5,16,17
13.0,5,17,3
13.0,5,18,12
13.0,5,19,12
13.0,5,20,15
13.0,5,21,15
13.0,5,23,16
13.0,5,24,4
13.0,5,25,3
13.0,5,26,24
13.0,5,27,40
13.0,5,28,62
13.0,5,29,17
13.0,5,3,4
13.0,5,30,15
13.0,5,31,34
13.0,5,32,6
13.0,5,33,57
13.0,5,34,11
13.0,5,35,6
13.0,5,37,27
13.0,5,38,2
13.0,5,39,11
13.0,5,5,33
13.0,5,6,2
13.0,5,7,24
13.0,5,8,4
13.0,5,9,17
13.0,6,16,7
13.0,6,21,1
13.0,6,23,9
13.0,6,24,1
13.0,6,27,2
13.0,6,28,8
13.0,6,31,3
13.0,6,33,3
13.0,6,35,5
13.0,6,36,2
13.0,6,39,5
13.0,6,5,7
13.0,6,6,7
13.0,6,7,3
13.0,6,9,1
13.0,7,11,2
13.0,7,12,6
13.0,7,13,43
13.0,7,15,6
13.0,7,16,32
13.0,7,19,3
13.0,7,20,8
13.0,7,22,3
13.0,7,23,9
13.0,7,24,10
13.0,7,25,3
13.0,7,26,17
13.0,7,27,17
13.0,7,28,8
13.0,7,29,4
13.0,7,3,8
13.0,7,30,3
13.0,7,31,7
13.0,7,32,10
13.0,7,33,32
13.0,7,35,6
13.0,7,37,4
13.0,7,38,4
13.0,7,39,8
13.0,7,4,15
13.0,7,40,2
13.0,7,5,12
13.0,7,6,12
13.0,7,7,22
13.0,7,9,15
13.0,8,9,30
13.0,9,10,16
13.0,9,11,6
13.0,9,12,13
13.0,9,13,62
13.0,9,14,23
13.0,9,15,6
13.0,9,16,14
13.0,9,17,7
13.0,9,18,3
13.0,9,19,17
13.0,9,20,11
13.0,9,21,11
13.0,9,22,8
13.0,9,23,22
13.0,9,24,2
13.0,9,25,10
13.0,9,26,33
13.0,9,27,31
13.0,9,28,17
13.0,9,29,22
13.0,9,3,21
13.0,9,30,13
13.0,9,31,50
13.0,9,32,13
13.0,9,33,43
13.0,9,34,3
13.0,9,35,12
13.0,9,36,9
13.0,9,38,2
13.0,9,39,15
13.0,9,4,6
13.0,9,5,43
13.0,9,6,29
13.0,9,7,23
13.0,9,8,4
13.0,9,9,37
13.5,0,10,7
13.5,0,11,3
13.5,0,12,5
13.5,0,13,16
13.5,0,14,8
13.5,0,16,42
13.5,0,17,3
13.5,0,18,7
13.5,0,19,5
13.5,0,20,8
13.5,0,21,8
13.5,0,22,6
13.5,0,23,26
13.5,0,25,17
13.5,0,26,10
13.5,0,27,16
13.5,0,28,27
13.5,0,29,6
13.5,0,3,3
13.5,0,30,8
13.5,0,31,10
13.5,0,33,29
13.5,0,34,8
13.5,0,35,4
13.5,0,36,8
13.5,0,37,4
13.5,0,38,2
13.5,0,39,7
13.5,0,4,2
13.5,0,5,22
13.5,0,7,8
13.5,0,8,3
13.5,0,9,38
13.5,10,10,3
13.5,10,12,7
13.5,10,13,33
13.5,10,14,22
13.5,10,16,31
13.5,10,17,8
13.5,10,19,5
13.5,10,20,2
13.5,10,21,4
13.5,10,22,2
13.5,10,23,6
13.5,10,24,5
13.5,10,26,18
13.5,10,27,26
13.5,10,28,34
13.5,10,29,5
13.5,10,30,4
13.5,10,31,16
13.5,10,32,7
13.5,10,33,35
13.5,10,34,12
13.5,10,35,16
13.5,10,36,12
13.5,10,37,3
13.5,10,38,4
13.5,10,39,5
13.5,10,40,11
13.5,10,5,27
13.5,10,6,10
13.5,10,7,22
13.5,10,8,4
13.5,10,9,10
13.5,11,12,4
13.5,11,13,1
13.5,11,14,1
13.5,11,16,8
13.5,1,12,4
13.5,11,20,2
13.5,11,21,1
13.5,11,24,1
13.5,11,26,3
13.5,11,27,1
13.5,11,28,1
13.5,1,13,17
13.5,11,31,4
13.5,11,33,8
13.5,11,40,1
13.5,11,5,4
13.5,1,16,7
13.5,1,17,5
13.5,11,7,1
13.5,11,9,2
13.5,1,20,13
13.5,1,23,3
13.5,1,24,2
13.5,1,27,2
13.5,1,31,5
13.5,1,37,4
13.5,1,5,6
13.5,1,7,4
13.5,1,9,4
13.5,2,10,6
13.5,2,11,8
13.5,2,12,11
13.5,2,13,22
13.5,2,14,11
13.5,2,16,36
13.5,2,17,5
13.5,2,19,7
13.5,2,21,7
13.5,2,22,7
13.5,2,23,3
13.5,2,24,5
13.5,2,26,14
13.5,2,27,16
13.5,2,28,26
13.5,2,29,5
13.5,2,3,6
13.5,2,31,9
13.5,2,32,5
13.5,2,33,28
13.5,2,35,2
13.5,2,36,2
13.5,2,37,16
13.5,2,38,1
13.5,2,39,14
13.5,2,5,23
13.5,2,7,12
13.5,2,8,3
13.5,2,9,20
13.5,3,10,16
13.5,3,11,7
13.5,3,12,1
13.5,3,13,34
13.5,3,14,4
13.5,3,15,4
13.5,3,16,25
13.5,3,17,5
13.5,3,18,1
13.5,3,19,11
13.5,3,20,5
13.5,3,21,7
13.5,3,22,3
13.5,3,25,5
13.5,3,26,34
13.5,3,27,13
13.5,3,28,17
13.5,3,29,9
13.5,3,30,6
13.5,3,31,22
13.5,3,32,8
13.5,3,33,19
13.5,3,34,9
13.5,3,35,3
13.5,3,36,3
13.5,3,37,14
13.5,3,39,7
13.5,3,5,22
13.5,3,6,5
13.5,3,7,20
13.5,3,9,35
13.5,4,0,8
13.5,4,13,1
13.5,4,16,1
13.5,4,17,7
13.5,4,23,3
13.5,4,26,7
13.5,4,27,5
13.5,4,31,1
13.5,4,32,1
13.5,4,9,1
13.5,5,10,6
13.5,5,11,4
13.5,5,12,6
13.5,5,13,27
13.5,5,16,75
13.5,5,17,15
13.5,5,18,3
13.5,5,20,1
13.5,5,21,9
13.5,5,22,11
13.5,5,23,8
13.5,5,25,17
13.5,5,26,14
13.5,5,27,59
13.5,5,28,49
13.5,5,29,11
13.5,5,3,3
13.5,5,30,12
13.5,5,31,13
13.5,5,32,16
13.5,5,33,29
13.5,5,34,13
13.5,5,35,3
13.5,5,36,22
13.5,5,38,4
13.5,5,39,1
13.5,5,4,5
13.5,5,40,3
13.5,5,5,63
13.5,5,6,9
13.5,5,7,49
13.5,5,8,9
13.5,5,9,32
13.5,6,13,3
13.5,6,30,7
13.5,7,10,3
13.5,7,11,10
13.5,7,12,4
13.5,7,13,34
13.5,7,14,8
13.5,7,15,5
13.5,7,16,21
13.5,7,18,4
13.5,7,19,9
13.5,7,21,3
13.5,7,23,17
13.5,7,25,3
13.5,7,26,15
13.5,7,27,20
13.5,7,28,13
13.5,7,29,3
13.5,7,30,1
13.5,7,31,15
13.5,7,32,5
13.5,7,33,21
13.5,7,35,6
13.5,7,36,9
13.5,7,38,11
13.5,7,39,1
13.5,7,4,3
13.5,7,40,14
13.5,7,5,22
13.5,7,7,24
13.5,7,8,3
13.5,7,9,23
13.5,9,10,8
13.5,9,11,6
13.5,9,13,27
13.5,9,14,4
13.5,9,15,6
13.5,9,16,49
13.5,9,17,4
13.5,9,18,2
13.5,9,19,8
13.5,9,20,5
13.5,9,21,13
13.5,9,22,10
13.5,9,23,9
13.5,9,24,11
13.5,9,25,4
13.5,9,26,12
13.5,9,27,39
13.5,9,28,56
13.5,9,29,11
13.5,9,3,4
13.5,9,31,36
13.5,9,32,15
13.5,9,33,54
13.5,9,34,6
13.5,9,36,2
13.5,9,37,22
13.5,9,38,3
13.5,9,39,10
13.5,9,4,12
13.5,9,40,4
13.5,9,5,29
13.5,9,7,12
13.5,9,8,16
13.5,9,9,38
14.0,0,10,3
14.0,0,12,4
14.0,0,13,29
14.0,0,15,1
14.0,0,16,20
14.0,0,17,4
14.0,0,19,2
14.0,0,20,8
14.0,0,21,8
14.0,0,23,21
14.0,0,26,11
14.0,0,27,11
14.0,0,28,17
14.0,0,29,10
14.0,0,3,14
14.0,0,30,5
14.0,0,31,24
14.0,0,32,1
14.0,0,33,21
14.0,0,34,4
14.0,0,35,8
14.0,0,36,6
14.0,0,37,5
14.0,0,39,3
14.0,0,40,14
14.0,0,5,23
14.0,0,6,13
14.0,0,7,12
14.0,0,8,11
14.0,0,9,18
14.0,10,10,7
14.0,10,11,9
14.0,10,12,6
14.0,10,13,49
14.0,10,14,8
14.0,10,15,15
14.0,10,16,37
14.0,10,17,15
14.0,10,19,3
14.0,10,20,10
14.0,10,21,4
14.0,10,23,16
14.0,10,24,15
14.0,10,25,2
14.0,10,26,3
14.0,10,27,24
14.0,10,28,31
14.0,10,29,5
14.0,10,3,11
14.0,10,30,3
14.0,10,31,26
14.0,10,32,12
14.0,10,33,33
14.0,10,34,7
14.0,10,36,2
14.0,10,38,7
14.0,10,39,21
14.0,10,5,22
14.0,10,6,6
14.0,10,7,29
14.0,10,8,2
14.0,10,9,27
14.0,11,13,2
14.0,11,16,3
14.0,11,17,1
14.0,1,12,7
14.0,11,26,1
14.0,11,27,4
14.0,11,28,4
14.0,1,13,14
14.0,11,31,7
14.0,11,33,11
14.0,11,36,1
14.0,11,39,1
14.0,11,40,1
14.0,11,5,5
14.0,1,16,3
14.0,11,7,4
14.0,11,9,9
14.0,1,21,6
14.0,1,23,7
14.0,1,27,2
14.0,1,31,2
14.0,1,7,10
14.0,1,8,2
14.0,2,10,5
14.0,2,11,9
14.0,2,12,4
14.0,2,13,33
14.0,2,14,3
14.0,2,16,15
14.0,2,17,9
14.0,2,18,8
14.0,2,19,9
14.0,2,20,3
14.0,2,21,14
14.0,2,22,3
14.0,2,23,34
14.0,2,24,3
14.0,2,26,32
14.0,2,27,21
14.0,2,28,12
14.0,2,29,3
14.0,2,3,4
14.0,2,30,4
14.0,2,31,28
14.0,2,33,10
14.0,2,34,7
14.0,2,36,9
14.0,2,37,10
14.0,2,38,41
14.0,2,5,19
14.0,2,6,3
14.0,2,7,50
14.0,2,8,15
14.0,2,9,36
14.0,3,10,4
14.0,3,12,6
14.0,3,13,45
14.0,3,14,7
14.0,3,16,34
14.0,3,18,7
14.0,3,19,2
14.0,3,20,11
14.0,3,22,12
14.0,3,23,2
14.0,3,24,4
14.0,3,26,22
14.0,3,27,8
14.0,3,28,26
14.0,3,29,9
14.0,3,3,6
14.0,3,31,35
14.0,3,33,16
14.0,3,34,12
14.0,3,35,6
14.0,3,36,3
14.0,3,37,12
14.0,3,38,2
14.0,3,39,2
14.0,3,4,2
14.0,3,40,3
14.0,3,5,18
14.0,3,6,2
14.0,3,7,10
14.0,3,8,5
14.0,3,9,23
14.0,4,0,14
14.0,4,16,5
14.0,4,2,8
14.0,4,20,1
14.0,4,31,7
14.0,4,33,1
14.0,4,4,5
14.0,4,7,1
14.0,4,9,1
14.0,5,10,15
14.0,5,11,2
14.0,5,12,5
14.0,5,13,38
14.0,5,14,18
14.0,5,15,46
14.0,5,16,39
14.0,5,17,7
14.0,5,18,9
14.0,5,19,18
14.0,5,20,10
14.0,5,21,9
14.0,5,23,16
14.0,5,24,3
14.0,5,26,69
14.0,5,27,26
14.0,5,28,22
14.0,5,29,3
14.0,5,3,9
14.0,5,31,35
14.0,5,32,17
14.0,5,33,28
14.0,5,34,16
14.0,5,37,5
14.0,5,38,2
14.0,5,39,18
14.0,5,4,6
14.0,5,40,3
14.0,5,5,20
14.0,5,6,14
14.0,5,7,40
14.0,5,8,5
14.0,5,9,43
14.0,6,33,3
14.0,6,40,7
14.0,7,10,8
14.0,7,11,3
14.0,7,13,18
14.0,7,14,5
14.0,7,15,16
14.0,7,16,22
14.0,7,17,3
14.0,7,19,2
14.0,7,21,7
14.0,7,22,14
14.0,7,23,23
14.0,7,24,3
14.0,7,25,7
14.0,7,26,19
14.0,7,27,21
14.0,7,28,17
14.0,7,29,8
14.0,7,3,2
14.0,7,30,4
14.0,7,31,15
14.0,7,32,6
14.0,7,33,21
14.0,7,34,9
14.0,7,35,10
14.0,7,36,3
14.0,7,37,3
14.0,7,39,3
14.0,7,4,3
14.0,7,40,12
14.0,7,5,14
14.0,7,7,20
14.0,7,8,8
14.0,7,9,9
14.0,8,0,9
14.0,8,27,5
14.0,9,10,8
14.0,9,11,15
14.0,9,12,4
14.0,9,13,20
14.0,9,14,12
14.0,9,15,10
14.0,9,16,28
14.0,9,17,10
14.0,9,18,18
14.0,9,20,7
14.0,9,21,20
14.0,9,22,17
14.0,9,23,8
14.0,9,24,14
14.0,9,25,6
14.0,9,26,51
14.0,9,27,48
14.0,9,28,19
14.0,9,29,4
14.0,9,3,14
14.0,9,30,6
14.0,9,31,35
14.0,9,32,16
14.0,9,33,18
14.0,9,34,4
14.0,9,35,13
14.0,9,36,13
14.0,9,37,7
14.0,9,39,8
14.0,9,4,7
14.0,9,40,8
14.0,9,5,24
14.0,9,6,4
14.0,9,7,29
14.0,9,8,13
14.0,9,9,44
14.5,0,10,6
14.5,0,13,14
14.5,0,14,2
14.5,0,16,20
14.5,0,17,10
14.5,0,18,3
14.5,0,19,1
14.5,0,20,6
14.5,0,22,5
14.5,0,23,6
14.5,0,25,3
14.5,0,26,22
14.5,0,27,9
14.5,0,28,11
14.5,0,3,5
14.5,0,31,17
14.5,0,32,6
14.5,0,33,19
14.5,0,34,5
14.5,0,35,19
14.5,0,36,7
14.5,0,37,2
14.5,0,38,2
14.5,0,4,6
14.5,0,40,2
14.5,0,41,46
14.5,0,5,11
14.5,0,6,8
14.5,0,7,12
14.5,0,8,9
14.5,0,9,18
14.5,10,10,7
14.5,10,11,12
14.5,10,12,14
14.5,10,13,29
14.5,10,14,10
14.5,10,15,2
14.5,10,16,27
14.5,10,18,30
14.5,10,20,13
14.5,10,21,15
14.5,10,22,13
14.5,10,23,11
14.5,10,25,11
14.5,10,26,24
14.5,10,27,39
14.5,10,28,30
14.5,10,29,17
14.5,10,3,5
14.5,10,30,6
14.5,10,31,29
14.5,10,32,4
14.5,10,33,28
14.5,10,34,4
14.5,10,35,6
14.5,10,36,7
14.5,10,37,2
14.5,10,38,3
14.5,10,39,15
14.5,10,4,8
14.5,10,40,8
14.5,10,41,41
14.5,10,5,6
14.5,10,6,6
14.5,10,7,36
14.5,10,9,10
14.5,11,0,7
14.5,11,13,1
14.5,11,14,4
14.5,11,16,1
14.5,11,19,1
14.5,11,21,1
14.5,11,22,4
14.5,11,26,1
14.5,11,27,5
14.5,11,28,3
14.5,11,29,4
14.5,11,30,3
14.5,11,31,2
14.5,11,35,1
14.5,11,4,8
14.5,11,40,1
14.5,11,41,1
14.5,11,5,5
14.5,11,7,2
14.5,1,18,3
14.5,11,9,1
14.5,1,31,7
14.5,1,33,11
14.5,1,36,3
14.5,1,37,3
14.5,1,5,7
14.5,2,12,3
14.5,2,13,13
14.5,2,14,5
14.5,2,15,5
14.5,2,16,26
14.5,2,17,9
14.5,2,20,4
14.5,2,21,7
14.5,2,23,3
14.5,2,24,10
14.5,2,25,3
14.5,2,26,12
14.5,2,27,9
14.5,2,28,15
14.5,2,29,4
14.5,2,3,8
14.5,2,31,43
14.5,2,32,4
14.5,2,33,13
14.5,2,34,52
14.5,2,35,17
14.5,2,36,4
14.5,2,37,9
14.5,2,39,6
14.5,2,4,7
14.5,2,40,2
14.5,2,41,26
14.5,2,5,26
14.5,2,7,32
14.5,2,8,4
14.5,2,9,14
14.5,3,10,2
14.5,3,11,5
14.5,3,12,1
14.5,3,13,19
14.5,3,14,2
14.5,3,15,2
14.5,3,16,14
14.5,3,17,4
14.5,3,19,8
14.5,3,21,3
14.5,3,22,3
14.5,3,23,17
14.5,3,24,3
14.5,3,25,3
14.5,3,26,11
14.5,3,27,15
14.5,3,28,15
14.5,3,29,19
14.5,3,3,4
14.5,3,30,3
14.5,3,31,28
14.5,3,32,8
14.5,3,33,17
14.5,3,34,7
14.5,3,35,20
14.5,3,36,10
14.5,3,37,8
14.5,3,38,2
14.5,3,39,6
14.5,3,4,4
14.5,3,40,16
14.5,3,41,43
14.5,3,5,21
14.5,3,7,27
14.5,3,8,3
14.5,3,9,21
14.5,4,0,17
14.5,4,16,5
14.5,4,21,1
14.5,4,27,7
14.5,4,3,5
14.5,4,31,1
14.5,4,32,1
14.5,4,34,7
14.5,4,35,6
14.5,4,38,3
14.5,4,40,1
14.5,4,41,6
14.5,4,5,6
14.5,4,7,7
14.5,5,10,15
14.5,5,12,4
14.5,5,13,18
14.5,5,14,9
14.5,5,15,12
14.5,5,16,23
14.5,5,17,3
14.5,5,18,3
14.5,5,19,30
14.5,5,20,25
14.5,5,21,13
14.5,5,22,12
14.5,5,23,17
14.5,5,24,4
14.5,5,25,4
14.5,5,26,35
14.5,5,27,66
14.5,5,28,42
14.5,5,29,8
14.5,5,3,2
14.5,5,30,7
14.5,5,31,18
14.5,5,32,28
14.5,5,33,43
14.5,5,34,12
14.5,5,35,6
14.5,5,36,11
14.5,5,37,9
14.5,5,39,12
14.5,5,40,3
14.5,5,41,29
14.5,5,5,23
14.5,5,6,13
14.5,5,7,40
14.5,5,8,3
14.5,5,9,26
14.5,6,9,3
14.5,7,10,6
14.5,7,11,18
14.5,7,12,2
14.5,7,13,14
14.5,7,14,10
14.5,7,15,11
14.5,7,16,9
14.5,7,19,3
14.5,7,20,3
14.5,7,21,6
14.5,7,22,1
14.5,7,23,20
14.5,7,25,4
14.5,7,26,24
14.5,7,27,17
14.5,7,28,59
14.5,7,29,15
14.5,7,3,7
14.5,7,30,4
14.5,7,31,15
14.5,7,32,10
14.5,7,33,7
14.5,7,35,2
14.5,7,36,2
14.5,7,37,16
14.5,7,38,16
14.5,7,4,3
14.5,7,40,4
14.5,7,41,29
14.5,7,5,24
14.5,7,7,33
14.5,7,8,7
14.5,7,9,34
14.5,8,26,5
14.5,8,5,5
14.5,9,10,14
14.5,9,11,7
14.5,9,12,3
14.5,9,13,20
14.5,9,14,7
14.5,9,15,21
14.5,9,16,28
14.5,9,17,15
14.5,9,19,2
14.5,9,20,5
14.5,9,21,2
14.5,9,22,8
14.5,9,23,19
14.5,9,24,7
14.5,9,25,3
14.5,9,26,7
14.5,9,27,23
14.5,9,28,28
14.5,9,29,15
14.5,9,3,6
14.5,9,30,9
14.5,9,31,45
14.5,9,32,4
14.5,9,33,34
14.5,9,34,4
14.5,9,35,18
14.5,9,36,13
14.5,9,37,12
14.5,9,38,3
14.5,9,39,10
14.5,9,4,3
14.5,9,41,13
14.5,9,5,26
14.5,9,6,14
14.5,9,7,30
14.5,9,8,2
14.5,9,9,28
15.0,0,10,4
15.0,0,11,10
15.0,0,14,4
15.0,0,15,5
15.0,0,16,30
15.0,0,18,5
15.0,0,21,3
15.0,0,22,7
15.0,0,23,7
15.0,0,26,32
15.0,0,27,15
15.0,0,28,23
15.0,0,29,7
15.0,0,30,5
15.0,0,31,12
15.0,0,32,12
15.0,0,33,15
15.0,0,36,7
15.0,0,37,10
15.0,0,38,8
15.0,0,4,2
15.0,0,41,41
15.0,0,5,6
15.0,0,6,1
15.0,0,7,18
15.0,0,8,3
15.0,0,9,10
15.0,10,10,5
15.0,10,12,15
15.0,10,16,6
15.0,10,17,6
15.0,10,19,6
15.0,10,20,5
15.0,10,22,14
15.0,10,23,7
15.0,10,24,15
15.0,10,25,2
15.0,10,26,8
15.0,10,27,29
15.0,10,28,46
15.0,10,3,6
15.0,10,31,25
15.0,10,32,3
15.0,10,33,19
15.0,10,34,9
15.0,10,35,8
15.0,10,37,7
15.0,10,4,5
15.0,10,41,64
15.0,10,5,26
15.0,10,6,7
15.0,10,7,30
15.0,10,8,2
15.0,10,9,12
15.0,11,16,2
15.0,11,19,1
15.0,11,24,1
15.0,11,26,1
15.0,11,27,3
15.0,11,28,1
15.0,11,31,4
15.0,11,33,13
15.0,11,35,7
15.0,11,36,1
15.0,11,5,4
15.0,11,6,4
15.0,11,7,3
15.0,1,18,4
15.0,11,9,1
15.0,1,27,5
15.0,1,31,7
15.0,1,5,7
15.0,1,8,3
15.0,2,10,2
15.0,2,14,20
15.0,2,16,32
15.0,2,17,13
15.0,2,18,3
15.0,2,22,6
15.0,2,23,6
15.0,2,24,6
15.0,2,26,12
15.0,2,27,19
15.0,2,28,17
15.0,2,29,9
15.0,2,3,7
15.0,2,31,13
15.0,2,32,9
15.0,2,33,9
15.0,2,34,8
15.0,2,35,10
15.0,2,36,8
15.0,2,37,10
15.0,2,39,8
15.0,2,41,58
15.0,2,5,10
15.0,2,6,1
15.0,2,7,2
15.0,2,9,7
15.0,3,12,2
15.0,3,14,7
15.0,3,16,18
15.0,3,17,1
15.0,3,18,5
15.0,3,19,7
15.0,3,21,3
15.0,3,23,3
15.0,3,24,2
15.0,3,25,2
15.0,3,26,31
15.0,3,27,24
15.0,3,28,23
15.0,3,3,7
15.0,3,30,4
15.0,3,31,30
15.0,3,32,7
15.0,3,33,23
15.0,3,34,3
15.0,3,35,7
15.0,3,36,7
15.0,3,38,2
15.0,3,39,1
15.0,3,4,13
15.0,3,40,3
15.0,3,41,41
15.0,3,5,15
15.0,3,6,15
15.0,3,7,25
15.0,3,8,2
15.0,3,9,14
15.0,4,0,6
15.0,4,15,3
15.0,4,16,10
15.0,4,17,3
15.0,4,21,5
15.0,4,24,1
15.0,4,26,3
15.0,4,27,8
15.0,4,3,4
15.0,4,31,7
15.0,4,33,10
15.0,4,36,1
15.0,4,4,5
15.0,4,41,6
15.0,4,5,1
15.0,4,7,12
15.0,4,9,8
15.0,5,10,14
15.0,5,11,8
15.0,5,12,5
15.0,5,14,3
15.0,5,15,4
15.0,5,16,33
15.0,5,17,4
15.0,5,19,18
15.0,5,20,25
15.0,5,21,16
15.0,5,22,13
15.0,5,23,4
15.0,5,24,17
15.0,5,25,6
15.0,5,26,30
15.0,5,27,20
15.0,5,28,49
15.0,5,29,2
15.0,5,3,7
15.0,5,30,10
15.0,5,31,27
15.0,5,32,12
15.0,5,33,29
15.0,5,34,10
15.0,5,35,16
15.0,5,36,10
15.0,5,37,13
15.0,5,38,2
15.0,5,4,3
15.0,5,40,3
15.0,5,41,116
15.0,5,5,35
15.0,5,6,4
15.0,5,7,14
15.0,5,9,41
15.0,7,12,5
15.0,7,14,3
15.0,7,15,3
15.0,7,16,30
15.0,7,17,11
15.0,7,18,6
15.0,7,20,4
15.0,7,21,4
15.0,7,23,7
15.0,7,24,10
15.0,7,26,32
15.0,7,27,26
15.0,7,28,11
15.0,7,3,2
15.0,7,31,18
15.0,7,32,8
15.0,7,33,7
15.0,7,37,3
15.0,7,39,7
15.0,7,4,1
15.0,7,41,63
15.0,7,5,7
15.0,7,6,2
15.0,7,7,20
15.0,7,8,1
15.0,7,9,30
15.0,8,24,5
15.0,8,5,30
15.0,9,0,6
15.0,9,10,2
15.0,9,11,12
15.0,9,14,11
15.0,9,15,2
15.0,9,16,27
15.0,9,17,2
15.0,9,18,10
15.0,9,20,11
15.0,9,21,5
15.0,9,22,2
15.0,9,23,17
15.0,9,24,13
15.0,9,26,18
15.0,9,27,34
15.0,9,28,30
15.0,9,29,7
15.0,9,3,2
15.0,9,30,2
15.0,9,31,45
15.0,9,33,38
15.0,9,34,11
15.0,9,35,11
15.0,9,36,11
15.0,9,37,11
15.0,9,38,3
15.0,9,39,8
15.0,9,4,3
15.0,9,40,4
15.0,9,41,39
15.0,9,5,21
15.0,9,6,9
15.0,9,7,35
15.0,9,8,2
15.0,9,9,41
15.5,0,1,6
15.5,0,10,3
15.5,0,11,14
15.5,0,14,3
15.5,0,16,7
15.5,0,17,3
15.5,0,19,9
15.5,0,2,3
15.5,0,22,3
15.5,0,23,4
15.5,0,24,2
15.5,0,25,2
15.5,0,26,13
15.5,0,27,30
15.5,0,28,12
15.5,0,29,5
15.5,0,3,6
15.5,0,31,25
15.5,0,32,5
15.5,0,33,22
15.5,0,34,4
15.5,0,36,10
15.5,0,37,4
15.5,0,39,8
15.5,0,4,4
15.5,0,5,21
15.5,0,6,3
15.5,0,7,42
15.5,0,8,5
15.5,0,9,8
15.5,10,10,13
15.5,10,14,13
15.5,10,15,4
15.5,10,16,37
15.5,10,17,2
15.5,10,19,4
15.5,10,2,6
15.5,10,20,8
15.5,10,21,2
15.5,10,22,8
15.5,10,23,5
15.5,10,24,13
15.5,10,25,20
15.5,10,26,33
15.5,10,27,16
15.5,10,28,12
15.5,10,29,24
15.5,10,3,8
15.5,10,31,25
15.5,10,33,17
15.5,10,35,7
15.5,10,39,8
15.5,10,4,4
15.5,10,40,1
15.5,10,5,3
15.5,10,7,27
15.5,10,8,8
15.5,10,9,21
15.5,11,16,2
15.5,11,18,4
15.5,11,19,1
15.5,11,20,2
15.5,11,21,6
15.5,11,24,1
15.5,11,25,7
15.5,11,26,4
15.5,11,27,2
15.5,11,28,4
15.5,11,31,3
15.5,11,32,5
15.5,11,33,1
15.5,11,34,1
15.5,11,35,1
15.5,11,36,1
15.5,11,38,4
15.5,11,39,1
15.5,11,5,2
15.5,11,7,1
15.5,11,9,3
15.5,2,10,8
15.5,2,11,8
15.5,2,12,14
15.5,2,14,7
15.5,2,15,4
15.5,2,16,27
15.5,2,17,10
15.5,2,18,11
15.5,2,19,10
15.5,2,20,5
15.5,2,23,4
15.5,2,24,1
15.5,2,25,2
15.5,2,26,16
15.5,2,27,23
15.5,2,28,15
15.5,2,29,1
15.5,2,3,10
15.5,2,30,11
15.5,2,31,16
15.5,2,33,40
15.5,2,34,1
15.5,2,35,14
15.5,2,36,9
15.5,2,37,11
15.5,2,39,11
15.5,2,4,4
15.5,2,5,6
15.5,2,6,7
15.5,2,7,14
15.5,2,8,7
15.5,2,9,4
15.5,3,1,4
15.5,3,10,8
15.5,3,14,2
15.5,3,15,2
15.5,3,16,18
15.5,3,17,6
15.5,3,18,3
15.5,3,19,15
15.5,3,2,6
15.5,3,20,6
15.5,3,22,11
15.5,3,23,12
15.5,3,24,10
15.5,3,26,7
15.5,3,27,14
15.5,3,28,13
15.5,3,29,7
15.5,3,3,5
15.5,3,31,8
15.5,3,33,14
15.5,3,35,5
15.5,3,36,2
15.5,3,37,8
15.5,3,38,3
15.5,3,39,7
15.5,3,4,1
15.5,3,5,14
15.5,3,6,6
15.5,3,7,22
15.5,3,9,22
15.5,4,14,5
15.5,4,16,5
15.5,4,17,4
15.5,4,19,1
15.5,4,25,7
15.5,4,26,5
15.5,4,28,4
15.5,4,33,5
15.5,4,37,1
15.5,4,5,6
15.5,4,7,1
15.5,4,9,1
15.5,5,10,13
15.5,5,11,6
15.5,5,12,3
15.5,5,14,14
15.5,5,15,10
15.5,5,16,28
15.5,5,17,4
15.5,5,19,11
15.5,5,2,6
15.5,5,20,16
15.5,5,21,11
15.5,5,22,9
15.5,5,23,15
15.5,5,24,9
15.5,5,25,4
15.5,5,26,18
15.5,5,27,15
15.5,5,28,16
15.5,5,29,15
15.5,5,3,5
15.5,5,30,10
15.5,5,31,12
15.5,5,32,22
15.5,5,33,10
15.5,5,34,7
15.5,5,35,9
15.5,5,37,5
15.5,5,38,18
15.5,5,39,3
15.5,5,4,10
15.5,5,40,2
15.5,5,5,25
15.5,5,6,11
15.5,5,7,31
15.5,5,8,12
15.5,5,9,22
15.5,7,10,4
15.5,7,12,15
15.5,7,14,4
15.5,7,15,4
15.5,7,16,7
15.5,7,17,2
15.5,7,20,2
15.5,7,21,19
15.5,7,22,19
15.5,7,23,12
15.5,7,25,4
15.5,7,26,18
15.5,7,27,18
15.5,7,28,8
15.5,7,29,12
15.5,7,3,7
15.5,7,31,30
15.5,7,32,2
15.5,7,33,5
15.5,7,34,2
15.5,7,35,15
15.5,7,36,1
15.5,7,5,20
15.5,7,6,5
15.5,7,7,11
15.5,7,9,17
15.5,8,22,5
15.5,8,8,5
15.5,9,1,4
15.5,9,10,4
15.5,9,11,4
15.5,9,12,7
15.5,9,15,4
15.5,9,16,62
15.5,9,17,6
15.5,9,18,8
15.5,9,19,2
15.5,9,2,4
15.5,9,20,6
15.5,9,21,13
15.5,9,22,9
15.5,9,23,13
15.5,9,24,14
15.5,9,25,2
15.5,9,26,14
15.5,9,27,32
15.5,9,28,50
15.5,9,29,16
15.5,9,30,12
15.5,9,31,25
15.5,9,32,12
15.5,9,33,16
15.5,9,34,2
15.5,9,35,13
15.5,9,36,8
15.5,9,37,24
15.5,9,38,26
15.5,9,39,9
15.5,9,4,10
15.5,9,40,2
15.5,9,5,38
15.5,9,6,13
15.5,9,7,37
15.5,9,8,8
15.5,9,9,66
16.0,0,1,3
16.0,0,10,8
16.0,0,11,6
16.0,0,14,7
16.0,0,16,19
16.0,0,17,10
16.0,0,18,8
16.0,0,19,16
16.0,0,20,8
16.0,0,21,10
16.0,0,22,6
16.0,0,23,11
16.0,0,24,3
16.0,0,26,20
16.0,0,27,15
16.0,0,28,8
16.0,0,29,4
16.0,0,3,2
16.0,0,31,27
16.0,0,32,5
16.0,0,33,40
16.0,0,34,7
16.0,0,35,12
16.0,0,36,5
16.0,0,37,16
16.0,0,38,5
16.0,0,39,7
16.0,0,4,7
16.0,0,40,4
16.0,0,5,21
16.0,0,7,23
16.0,0,8,6
16.0,0,9,33
16.0,1,0,5
16.0,10,1,4
16.0,10,10,6
16.0,10,11,4
16.0,10,12,3
16.0,10,14,9
16.0,10,15,5
16.0,10,16,32
16.0,10,17,21
16.0,10,18,11
16.0,10,22,7
16.0,10,23,7
16.0,10,24,11
16.0,10,26,14
16.0,10,27,21
16.0,10,28,30
16.0,10,29,8
16.0,10,3,2
16.0,10,30,5
16.0,10,31,38
16.0,10,32,8
16.0,10,33,67
16.0,10,34,3
16.0,10,37,5
16.0,10,38,4
16.0,10,39,4
16.0,10,40,1
16.0,10,5,36
16.0,10,6,5
16.0,10,7,21
16.0,10,9,35
16.0,11,14,1
16.0,11,16,2
16.0,11,19,1
16.0,11,23,1
16.0,11,26,4
16.0,11,27,3
16.0,11,31,1
16.0,11,32,1
16.0,11,33,1
16.0,11,34,1
16.0,11,35,1
16.0,11,39,1
16.0,11,5,1
16.0,11,7,2
16.0,11,9,1
16.0,2,1,2
16.0,2,10,5
16.0,2,11,5
16.0,2,12,12
16.0,2,14,3
16.0,2,15,7
16.0,2,16,11
16.0,2,18,4
16.0,2,19,4
16.0,2,20,8
16.0,2,21,4
16.0,2,22,2
16.0,2,23,12
16.0,2,24,7
16.0,2,25,2
16.0,2,26,12
16.0,2,27,30
16.0,2,28,18
16.0,2,29,14
16.0,2,3,1
16.0,2,31,23
16.0,2,32,6
16.0,2,33,56
16.0,2,34,4
16.0,2,35,6
16.0,2,36,7
16.0,2,37,5
16.0,2,38,4
16.0,2,39,4
16.0,2,4,3
16.0,2,40,3
16.0,2,5,25
16.0,2,6,2
16.0,2,7,6
16.0,2,9,50
16.0,3,10,13
16.0,3,12,5
16.0,3,14,5
16.0,3,15,3
16.0,3,16,33
16.0,3,17,11
16.0,3,18,8
16.0,3,19,9
16.0,3,2,4
16.0,3,20,1
16.0,3,21,6
16.0,3,22,5
16.0,3,23,22
16.0,3,24,7
16.0,3,26,11
16.0,3,27,40
16.0,3,28,22
16.0,3,3,3
16.0,3,30,4
16.0,3,31,13
16.0,3,32,16
16.0,3,33,28
16.0,3,34,2
16.0,3,35,4
16.0,3,36,6
16.0,3,37,11
16.0,3,38,8
16.0,3,39,3
16.0,3,4,6
16.0,3,40,1
16.0,3,5,21
16.0,3,6,8
16.0,3,7,40
16.0,3,8,3
16.0,3,9,38
16.0,4,11,4
16.0,4,14,3
16.0,4,16,6
16.0,4,18,4
16.0,4,24,10
16.0,4,26,5
16.0,4,28,7
16.0,4,29,4
16.0,4,3,3
16.0,4,33,4
16.0,4,35,1
16.0,4,38,3
16.0,4,5,3
16.0,4,9,8
16.0,5,10,4
16.0,5,11,6
16.0,5,12,4
16.0,5,14,9
16.0,5,15,10
16.0,5,16,16
16.0,5,17,4
16.0,5,19,18
16.0,5,21,9
16.0,5,22,9
16.0,5,23,31
16.0,5,24,8
16.0,5,26,54
16.0,5,27,24
16.0,5,28,40
16.0,5,29,16
16.0,5,31,33
16.0,5,32,9
16.0,5,33,34
16.0,5,35,4
16.0,5,36,19
16.0,5,37,28
16.0,5,38,12
16.0,5,39,7
16.0,5,5,30
16.0,5,6,13
16.0,5,7,41
16.0,5,9,49
16.0,7,10,4
16.0,7,11,2
16.0,7,14,3
16.0,7,16,32
16.0,7,18,10
16.0,7,19,9
16.0,7,20,6
16.0,7,21,15
16.0,7,23,11
16.0,7,24,2
16.0,7,25,2
16.0,7,26,8
16.0,7,27,36
16.0,7,28,21
16.0,7,29,12
16.0,7,31,16
16.0,7,32,3
16.0,7,33,13
16.0,7,34,38
16.0,7,35,4
16.0,7,36,12
16.0,7,37,10
16.0,7,39,11
16.0,7,40,6
16.0,7,5,5
16.0,7,6,1
16.0,7,7,17
16.0,7,8,8
16.0,7,9,12
16.0,8,28,5
16.0,8,33,5
16.0,9,14,2
16.0,9,15,7
16.0,9,16,28
16.0,9,17,29
16.0,9,18,7
16.0,9,19,14
16.0,9,20,4
16.0,9,22,4
16.0,9,24,9
16.0,9,26,25
16.0,9,27,37
16.0,9,28,22
16.0,9,29,8
16.0,9,3,8
16.0,9,31,51
16.0,9,32,27
16.0,9,33,19
16.0,9,34,17
16.0,9,35,3
16.0,9,36,11
16.0,9,38,9
16.0,9,39,17
16.0,9,4,10
16.0,9,40,9
16.0,9,5,32
16.0,9,6,2
16.0,9,7,31
16.0,9,9,25
16.5,0,10,5
16.5,0,13,21
16.5,0,14,7
16.5,0,15,7
16.5,0,16,16
16.5,0,17,2
16.5,0,18,11
16.5,0,19,7
16.5,0,20,7
16.5,0,21,8
16.5,0,22,2
16.5,0,23,21
16.5,0,24,6
16.5,0,25,7
16.5,0,26,26
16.5,0,27,16
16.5,0,28,9
16.5,0,29,8
16.5,0,3,5
16.5,0,30,4
16.5,0,31,26
16.5,0,32,16
16.5,0,33,22
16.5,0,34,15
16.5,0,35,20
16.5,0,36,6
16.5,0,37,7
16.5,0,38,2
16.5,0,39,13
16.5,0,4,6
16.5,0,5,22
16.5,0,6,2
16.5,0,7,22
16.5,0,8,2
16.5,0,9,6
16.5,10,10,8
16.5,10,11,3
16.5,10,13,16
16.5,10,14,8
16.5,10,15,2
16.5,10,16,19
16.5,10,17,12
16.5,10,18,7
16.5,10,20,1
16.5,10,21,12
16.5,10,22,5
16.5,10,23,8
16.5,10,24,4
16.5,10,25,10
16.5,10,26,25
16.5,10,27,31
16.5,10,28,16
16.5,10,29,4
16.5,10,3,2
16.5,10,30,8
16.5,10,31,19
16.5,10,32,32
16.5,10,33,25
16.5,10,35,6
16.5,10,36,15
16.5,10,38,14
16.5,10,4,6
16.5,10,5,28
16.5,10,6,8
16.5,10,7,29
16.5,10,8,6
16.5,10,9,13
16.5,11,10,1
16.5,11,13,1
16.5,11,16,5
16.5,11,20,1
16.5,11,26,1
16.5,11,27,1
16.5,11,28,2
16.5,11,31,3
16.5,11,33,5
16.5,11,35,1
16.5,11,4,7
16.5,11,5,1
16.5,11,7,2
16.5,11,9,8
16.5,2,10,2
16.5,2,11,5
16.5,2,13,6
16.5,2,14,10
16.5,2,15,17
16.5,2,16,32
16.5,2,19,4
16.5,2,20,8
16.5,2,21,2
16.5,2,22,2
16.5,2,23,5
16.5,2,24,3
16.5,2,25,17
16.5,2,26,24
16.5,2,27,25
16.5,2,28,30
16.5,2,29,9
16.5,2,3,2
16.5,2,30,2
16.5,2,31,16
16.5,2,32,3
16.5,2,33,24
16.5,2,34,4
16.5,2,35,6
16.5,2,36,9
16.5,2,38,2
16.5,2,39,5
16.5,2,4,5
16.5,2,40,7
16.5,2,5,36
16.5,2,6,2
16.5,2,8,8
16.5,2,9,19
16.5,3,10,7
16.5,3,11,7
16.5,3,12,3
16.5,3,13,29
16.5,3,14,13
16.5,3,15,3
16.5,3,16,10
16.5,3,17,2
16.5,3,18,9
16.5,3,19,10
16.5,3,20,2
16.5,3,22,1
16.5,3,23,7
16.5,3,24,2
16.5,3,25,4
16.5,3,26,30
16.5,3,27,8
16.5,3,28,10
16.5,3,29,1
16.5,3,3,8
16.5,3,30,5
16.5,3,31,39
16.5,3,32,26
16.5,3,33,12
16.5,3,35,21
16.5,3,36,4
16.5,3,37,14
16.5,3,39,12
16.5,3,4,13
16.5,3,5,28
16.5,3,6,3
16.5,3,7,25
16.5,3,8,7
16.5,3,9,30
16.5,4,13,3
16.5,4,16,1
16.5,4,17,4
16.5,4,19,3
16.5,4,20,3
16.5,4,26,5
16.5,4,27,3
16.5,4,31,3
16.5,4,34,4
16.5,4,35,3
16.5,4,36,4
16.5,4,38,5
16.5,4,7,4
16.5,4,9,1
16.5,5,0,4
16.5,5,11,16
16.5,5,13,33
16.5,5,14,10
16.5,5,15,11
16.5,5,16,26
16.5,5,17,12
16.5,5,18,4
16.5,5,19,3
16.5,5,20,9
16.5,5,21,7
16.5,5,22,17
16.5,5,23,23
16.5,5,24,2
16.5,5,25,13
16.5,5,26,27
16.5,5,27,43
16.5,5,28,42
16.5,5,29,9
16.5,5,3,9
16.5,5,30,14
16.5,5,31,31
16.5,5,32,11
16.5,5,33,36
16.5,5,34,6
16.5,5,36,2
16.5,5,37,43
16.5,5,38,51
16.5,5,39,1
16.5,5,4,4
16.5,5,5,20
16.5,5,6,2
16.5,5,7,29
16.5,5,8,3
16.5,5,9,47
16.5,7,0,2
16.5,7,1,5
16.5,7,10,2
16.5,7,11,4
16.5,7,12,6
16.5,7,13,8
16.5,7,14,4
16.5,7,15,4
16.5,7,16,7
16.5,7,17,4
16.5,7,18,2
16.5,7,19,4
16.5,7,2,6
16.5,7,20,17
16.5,7,21,1
16.5,7,23,5
16.5,7,24,21
16.5,7,26,12
16.5,7,27,43
16.5,7,28,27
16.5,7,29,8
16.5,7,3,3
16.5,7,30,3
16.5,7,31,24
16.5,7,33,19
16.5,7,34,8
16.5,7,35,4
16.5,7,37,4
16.5,7,38,2
16.5,7,39,8
16.5,7,4,13
16.5,7,5,13
16.5,7,7,32
16.5,7,8,10
16.5,7,9,31
16.5,8,37,30
16.5,9,10,25
16.5,9,11,10
16.5,9,12,7
16.5,9,13,30
16.5,9,14,5
16.5,9,15,20
16.5,9,16,26
16.5,9,17,7
16.5,9,19,8
16.5,9,20,3
16.5,9,21,14
16.5,9,23,19
16.5,9,24,19
16.5,9,25,4
16.5,9,26,44
16.5,9,27,27
16.5,9,28,31
16.5,9,3,8
16.5,9,30,8
16.5,9,31,62
16.5,9,32,12
16.5,9,33,34
16.5,9,34,2
16.5,9,35,2
16.5,9,36,3
16.5,9,37,9
16.5,9,38,6
16.5,9,39,11
16.5,9,4,3
16.5,9,40,5
16.5,9,5,34
16.5,9,7,17
16.5,9,8,9
16.5,9,9,45
17.0,0,11,6
17.0,0,13,17
17.0,0,14,10
17.0,0,15,2
17.0,0,16,15
17.0,0,17,3
17.0,0,21,5
17.0,0,22,10
17.0,0,23,13
17.0,0,24,8
17.0,0,25,4
17.0,0,26,37
17.0,0,27,16
17.0,0,28,9
17.0,0,29,13
17.0,0,30,5
17.0,0,31,17
17.0,0,32,11
17.0,0,33,9
17.0,0,35,2
17.0,0,36,12
17.0,0,37,2
17.0,0,38,5
17.0,0,39,18
17.0,0,4,13
17.0,0,40,3
17.0,0,5,25
17.0,0,7,16
17.0,0,8,2
17.0,0,9,6
17.0,10,10,6
17.0,10,12,2
17.0,10,13,59
17.0,10,14,13
17.0,10,15,3
17.0,10,16,6
17.0,10,17,5
17.0,10,18,2
17.0,10,19,7
17.0,10,20,4
17.0,10,21,3
17.0,10,22,8
17.0,10,23,14
17.0,10,24,4
17.0,10,25,5
17.0,10,26,22
17.0,10,27,17
17.0,10,28,35
17.0,10,29,11
17.0,10,3,5
17.0,10,31,20
17.0,10,32,19
17.0,10,33,40
17.0,10,34,12
17.0,10,35,3
17.0,10,36,6
17.0,10,37,3
17.0,10,38,13
17.0,10,39,12
17.0,10,5,21
17.0,10,6,11
17.0,10,7,40
17.0,10,9,27
17.0,11,13,1
17.0,11,16,1
17.0,11,20,1
17.0,11,21,1
17.0,11,24,1
17.0,11,26,3
17.0,11,27,2
17.0,11,28,9
17.0,11,31,2
17.0,11,33,4
17.0,11,5,2
17.0,11,7,2
17.0,11,9,3
17.0,2,10,13
17.0,2,13,22
17.0,2,14,2
17.0,2,15,3
17.0,2,16,16
17.0,2,17,12
17.0,2,18,2
17.0,2,19,7
17.0,2,2,6
17.0,2,20,2
17.0,2,21,2
17.0,2,23,13
17.0,2,24,7
17.0,2,26,22
17.0,2,27,7
17.0,2,28,10
17.0,2,29,13
17.0,2,3,8
17.0,2,30,3
17.0,2,31,32
17.0,2,32,8
17.0,2,33,16
17.0,2,34,1
17.0,2,35,20
17.0,2,36,5
17.0,2,37,7
17.0,2,38,2
17.0,2,39,3
17.0,2,4,5
17.0,2,5,30
17.0,2,6,3
17.0,2,7,19
17.0,2,9,19
17.0,3,10,3
17.0,3,12,5
17.0,3,13,41
17.0,3,14,3
17.0,3,15,3
17.0,3,16,24
17.0,3,17,16
17.0,3,18,3
17.0,3,19,5
17.0,3,20,5
17.0,3,22,2
17.0,3,23,13
17.0,3,24,2
17.0,3,25,7
17.0,3,26,20
17.0,3,27,38
17.0,3,28,24
17.0,3,29,6
17.0,3,30,7
17.0,3,31,27
17.0,3,32,2
17.0,3,33,6
17.0,3,35,12
17.0,3,36,10
17.0,3,37,15
17.0,3,38,3
17.0,3,39,16
17.0,3,4,3
17.0,3,5,13
17.0,3,6,2
17.0,3,7,23
17.0,3,8,11
17.0,3,9,15
17.0,4,14,3
17.0,4,16,3
17.0,4,20,5
17.0,4,22,3
17.0,4,23,9
17.0,4,26,3
17.0,4,27,9
17.0,4,28,1
17.0,4,33,4
17.0,4,34,1
17.0,4,37,3
17.0,4,5,3
17.0,4,7,5
17.0,4,9,1
17.0,5,1,4
17.0,5,10,5
17.0,5,11,4
17.0,5,12,13
17.0,5,13,32
17.0,5,14,13
17.0,5,15,4
17.0,5,16,48
17.0,5,17,7
17.0,5,18,3
17.0,5,19,5
17.0,5,21,25
17.0,5,22,7
17.0,5,23,11
17.0,5,24,4
17.0,5,25,2
17.0,5,26,25
17.0,5,27,20
17.0,5,28,10
17.0,5,29,7
17.0,5,30,5
17.0,5,31,87
17.0,5,32,18
17.0,5,33,41
17.0,5,34,16
17.0,5,35,10
17.0,5,36,8
17.0,5,37,9
17.0,5,39,6
17.0,5,40,2
17.0,5,5,28
17.0,5,6,8
17.0,5,7,25
17.0,5,8,4
17.0,5,9,11
17.0,7,10,3
17.0,7,11,7
17.0,7,12,3
17.0,7,14,2
17.0,7,15,2
17.0,7,16,21
17.0,7,17,12
17.0,7,19,13
17.0,7,20,6
17.0,7,21,8
17.0,7,22,4
17.0,7,23,10
17.0,7,24,9
17.0,7,25,7
17.0,7,26,4
17.0,7,27,38
17.0,7,28,14
17.0,7,3,15
17.0,7,30,9
17.0,7,31,14
17.0,7,33,17
17.0,7,34,1
17.0,7,36,3
17.0,7,37,5
17.0,7,38,3
17.0,7,39,2
17.0,7,5,16
17.0,7,6,43
17.0,7,7,25
17.0,7,8,8
17.0,7,9,35
17.0,8,26,1
17.0,8,27,30
17.0,9,10,15
17.0,9,12,9
17.0,9,13,45
17.0,9,14,16
17.0,9,16,8
17.0,9,17,4
17.0,9,19,15
17.0,9,20,2
17.0,9,21,6
17.0,9,22,17
17.0,9,23,21
17.0,9,24,15
17.0,9,25,3
17.0,9,26,18
17.0,9,27,29
17.0,9,28,21
17.0,9,29,13
17.0,9,3,2
17.0,9,30,1
17.0,9,31,32
17.0,9,32,10
17.0,9,33,20
17.0,9,34,2
17.0,9,35,4
17.0,9,36,8
17.0,9,37,2
17.0,9,39,23
17.0,9,5,35
17.0,9,6,5
17.0,9,7,20
17.0,9,9,33
17.5,0,10,7
17.5,0,11,2
17.5,0,12,12
17.5,0,13,39
17.5,0,15,5
17.5,0,16,27
17.5,0,17,12
17.5,0,18,16
17.5,0,19,13
17.5,0,23,8
17.5,0,24,7
17.5,0,26,21
17.5,0,27,20
17.5,0,28,18
17.5,0,31,6
17.5,0,32,8
17.5,0,33,16
17.5,0,34,11
17.5,0,35,8
17.5,0,37,13
17.5,0,39,8
17.5,0,4,2
17.5,0,5,8
17.5,0,6,3
17.5,0,7,17
17.5,0,9,13
17.5,1,0,9
17.5,10,10,2
17.5,10,12,2
17.5,10,13,22
17.5,10,14,4
17.5,10,15,2
17.5,10,16,59
17.5,10,17,5
17.5,10,18,2
17.5,10,19,8
17.5,10,20,9
17.5,10,21,9
17.5,10,23,9
17.5,10,24,10
17.5,10,25,2
17.5,10,26,48
17.5,10,27,21
17.5,10,28,37
17.5,10,29,19
17.5,10,3,7
17.5,10,30,2
17.5,10,31,20
17.5,10,32,14
17.5,10,33,12
17.5,10,34,9
17.5,10,35,15
17.5,10,36,2
17.5,10,37,10
17.5,10,39,8
17.5,10,5,21
17.5,10,6,8
17.5,10,7,26
17.5,10,9,32
17.5,1,1,7
17.5,11,16,7
17.5,2,10,2
17.5,2,11,4
17.5,2,12,2
17.5,2,13,25
17.5,2,14,7
17.5,2,15,1
17.5,2,16,17
17.5,2,17,7
17.5,2,18,4
17.5,2,19,8
17.5,2,20,5
17.5,2,22,7
17.5,2,24,6
17.5,2,25,2
17.5,2,26,49
17.5,2,27,17
17.5,2,28,3
17.5,2,3,4
17.5,2,31,27
17.5,2,33,17
17.5,2,34,11
17.5,2,35,5
17.5,2,36,2
17.5,2,37,4
17.5,2,38,10
17.5,2,39,10
17.5,2,4,19
17.5,2,5,7
17.5,2,6,11
17.5,2,7,4
17.5,2,8,21
17.5,2,9,64
17.5,3,10,4
17.5,3,11,1
17.5,3,13,69
17.5,3,14,8
17.5,3,16,41
17.5,3,17,4
17.5,3,18,5
17.5,3,19,16
17.5,3,20,12
17.5,3,21,5
17.5,3,22,4
17.5,3,23,6
17.5,3,24,8
17.5,3,26,34
17.5,3,27,25
17.5,3,28,12
17.5,3,3,1
17.5,3,30,10
17.5,3,31,45
17.5,3,32,3
17.5,3,33,26
17.5,3,35,18
17.5,3,36,7
17.5,3,37,2
17.5,3,38,3
17.5,3,39,3
17.5,3,5,22
17.5,3,6,4
17.5,3,7,12
17.5,3,8,4
17.5,3,9,19
17.5,4,17,5
17.5,4,18,9
17.5,4,25,4
17.5,4,31,6
17.5,4,33,7
17.5,4,37,3
17.5,4,4,4
17.5,4,40,4
17.5,4,5,4
17.5,4,7,3
17.5,4,9,16
17.5,5,10,6
17.5,5,13,63
17.5,5,14,9
17.5,5,16,12
17.5,5,17,7
17.5,5,20,14
17.5,5,21,2
17.5,5,22,25
17.5,5,23,2
17.5,5,25,11
17.5,5,26,23
17.5,5,27,27
17.5,5,28,23
17.5,5,30,3
17.5,5,31,28
17.5,5,32,14
17.5,5,33,20
17.5,5,34,15
17.5,5,35,14
17.5,5,36,4
17.5,5,37,8
17.5,5,38,4
17.5,5,39,16
17.5,5,4,11
17.5,5,5,24
17.5,5,6,17
17.5,5,7,17
17.5,5,8,4
17.5,5,9,17
17.5,7,10,2
17.5,7,11,2
17.5,7,12,21
17.5,7,13,18
17.5,7,14,6
17.5,7,16,17
17.5,7,19,16
17.5,7,22,13
17.5,7,23,25
17.5,7,24,3
17.5,7,25,3
17.5,7,26,1
17.5,7,27,23
17.5,7,28,16
17.5,7,29,9
17.5,7,3,10
17.5,7,30,4
17.5,7,31,27
17.5,7,32,12
17.5,7,33,34
17.5,7,35,3
17.5,7,36,2
17.5,7,37,4
17.5,7,38,4
17.5,7,39,4
17.5,7,5,25
17.5,7,6,21
17.5,7,7,17
17.5,7,9,40
17.5,8,13,30
17.5,8,24,1
17.5,8,28,1
17.5,8,7,1
17.5,9,12,7
17.5,9,13,17
17.5,9,14,11
17.5,9,15,19
17.5,9,16,10
17.5,9,17,9
17.5,9,20,19
17.5,9,21,13
17.5,9,23,37
17.5,9,24,3
17.5,9,25,2
17.5,9,26,37
17.5,9,27,28
17.5,9,28,9
17.5,9,29,12
17.5,9,30,6
17.5,9,31,12
17.5,9,32,11
17.5,9,33,47
17.5,9,35,9
17.5,9,36,8
17.5,9,37,2
17.5,9,38,5
17.5,9,39,11
17.5,9,4,15
17.5,9,5,32
17.5,9,6,8
17.5,9,7,22
17.5,9,9,43
18.0,0,10,7
18.0,0,11,7
18.0,0,13,32
18.0,0,14,4
18.0,0,15,6
18.0,0,16,14
18.0,0,17,7
18.0,0,18,3
18.0,0,19,8
18.0,0,21,6
18.0,0,22,8
18.0,0,23,8
18.0,0,25,8
18.0,0,26,17
18.0,0,27,33
18.0,0,28,15
18.0,0,29,4
18.0,0,3,3
18.0,0,30,5
18.0,0,31,2
18.0,0,32,1
18.0,0,33,19
18.0,0,34,2
18.0,0,35,3
18.0,0,37,8
18.0,0,38,4
18.0,0,39,2
18.0,0,5,15
18.0,0,6,13
18.0,0,7,13
18.0,0,8,5
18.0,0,9,21
18.0,10,12,7
18.0,10,13,37
18.0,10,14,3
18.0,10,16,8
18.0,10,17,4
18.0,10,19,1
18.0,10,20,8
18.0,10,21,13
18.0,10,23,4
18.0,10,24,8
18.0,10,26,11
18.0,10,27,21
18.0,10,28,9
18.0,10,29,4
18.0,10,30,10
18.0,10,31,6
18.0,10,32,14
18.0,10,33,20
18.0,10,34,7
18.0,10,35,12
18.0,10,36,10
18.0,10,37,21
18.0,10,39,9
18.0,10,4,10
18.0,10,5,29
18.0,10,6,4
18.0,10,7,5
18.0,10,9,25
18.0,1,1,4
18.0,1,2,3
18.0,1,23,4
18.0,1,26,4
18.0,1,27,9
18.0,1,30,5
18.0,1,33,5
18.0,1,5,4
18.0,2,10,1
18.0,2,11,3
18.0,2,13,20
18.0,2,14,2
18.0,2,16,3
18.0,2,18,1
18.0,2,19,4
18.0,2,21,2
18.0,2,22,10
18.0,2,23,3
18.0,2,24,5
18.0,2,25,4
18.0,2,26,51
18.0,2,27,6
18.0,2,28,33
18.0,2,29,6
18.0,2,30,1
18.0,2,31,59
18.0,2,32,1
18.0,2,33,5
18.0,2,34,5
18.0,2,35,8
18.0,2,36,7
18.0,2,37,9
18.0,2,39,7
18.0,2,5,56
18.0,2,6,7
18.0,2,7,21
18.0,2,8,3
18.0,2,9,30
18.0,3,11,3
18.0,3,13,39
18.0,3,14,10
18.0,3,15,2
18.0,3,16,15
18.0,3,17,1
18.0,3,20,10
18.0,3,21,16
18.0,3,23,22
18.0,3,24,8
18.0,3,25,3
18.0,3,26,15
18.0,3,27,23
18.0,3,28,36
18.0,3,29,5
18.0,3,30,19
18.0,3,31,11
18.0,3,32,15
18.0,3,33,24
18.0,3,34,12
18.0,3,35,10
18.0,3,37,6
18.0,3,38,2
18.0,3,39,6
18.0,3,5,32
18.0,3,6,5
18.0,3,7,21
18.0,3,9,22
18.0,4,13,9
18.0,4,18,3
18.0,4,23,3
18.0,4,25,6
18.0,4,28,5
18.0,4,35,3
18.0,4,36,3
18.0,4,38,3
18.0,5,10,19
18.0,5,11,14
18.0,5,12,2
18.0,5,13,80
18.0,5,14,13
18.0,5,15,17
18.0,5,16,36
18.0,5,17,4
18.0,5,18,3
18.0,5,19,8
18.0,5,22,5
18.0,5,23,9
18.0,5,24,20
18.0,5,26,28
18.0,5,27,27
18.0,5,28,42
18.0,5,3,12
18.0,5,31,31
18.0,5,32,41
18.0,5,33,15
18.0,5,34,9
18.0,5,38,4
18.0,5,39,5
18.0,5,4,3
18.0,5,5,34
18.0,5,6,9
18.0,5,7,45
18.0,5,8,4
18.0,5,9,34
18.0,6,0,5
18.0,6,30,5
18.0,6,8,5
18.0,7,11,3
18.0,7,12,13
18.0,7,13,19
18.0,7,15,9
18.0,7,16,10
18.0,7,17,16
18.0,7,20,7
18.0,7,21,4
18.0,7,22,3
18.0,7,23,1
18.0,7,24,2
18.0,7,25,2
18.0,7,26,25
18.0,7,27,14
18.0,7,28,24
18.0,7,29,10
18.0,7,3,10
18.0,7,31,45
18.0,7,32,2
18.0,7,33,46
18.0,7,34,40
18.0,7,35,10
18.0,7,36,2
18.0,7,37,2
18.0,7,38,3
18.0,7,39,8
18.0,7,4,11
18.0,7,5,13
18.0,7,7,34
18.0,7,8,5
18.0,7,9,44
18.0,8,10,30
18.0,8,16,5
18.0,8,33,5
18.0,8,39,2
18.0,8,5,1
18.0,9,10,2
18.0,9,11,7
18.0,9,12,3
18.0,9,13,25
18.0,9,14,5
18.0,9,16,69
18.0,9,17,6
18.0,9,18,8
18.0,9,19,1
18.0,9,20,9
18.0,9,21,6
18.0,9,22,10
18.0,9,23,2
18.0,9,24,15
18.0,9,25,24
18.0,9,26,39
18.0,9,27,78
18.0,9,28,38
18.0,9,29,2
18.0,9,31,28
18.0,9,32,5
18.0,9,33,25
18.0,9,35,2
18.0,9,36,3
18.0,9,37,5
18.0,9,4,10
18.0,9,5,34
18.0,9,6,7
18.0,9,7,41
18.0,9,8,4
18.0,9,9,31
18.5,0,11,3
18.5,0,12,6
18.5,0,13,24
18.5,0,14,2
18.5,0,15,3
18.5,0,16,8
18.5,0,17,7
18.5,0,18,10
18.5,0,19,5
18.5,0,20,2
18.5,0,21,4
18.5,0,23,11
18.5,0,24,3
18.5,0,25,3
18.5,0,26,9
18.5,0,27,21
18.5,0,28,17
18.5,0,29,3
18.5,0,3,2
18.5,0,31,2
18.5,0,32,6
18.5,0,33,26
18.5,0,36,6
18.5,0,37,2
18.5,0,38,3
18.5,0,39,7
18.5,0,4,3
18.5,0,5,16
18.5,0,6,12
18.5,0,7,20
18.5,0,8,4
18.5,0,9,15
18.5,10,10,11
18.5,10,12,4
18.5,10,13,31
18.5,10,14,11
18.5,10,15,5
18.5,10,16,16
18.5,10,17,5
18.5,10,19,5
18.5,10,2,4
18.5,10,20,23
18.5,10,24,18
18.5,10,26,27
18.5,10,27,33
18.5,10,28,26
18.5,10,3,9
18.5,10,30,9
18.5,10,31,9
18.5,10,32,14
18.5,10,33,13
18.5,10,34,5
18.5,10,35,5
18.5,10,36,10
18.5,10,37,4
18.5,10,39,9
18.5,10,4,4
18.5,10,5,18
18.5,10,6,6
18.5,10,7,18
18.5,10,8,1
18.5,10,9,30
18.5,1,13,3
18.5,11,9,7
18.5,1,31,3
18.5,2,10,2
18.5,2,12,37
18.5,2,13,22
18.5,2,14,6
18.5,2,15,2
18.5,2,16,3
18.5,2,18,3
18.5,2,19,13
18.5,2,21,5
18.5,2,22,4
18.5,2,23,4
18.5,2,25,2
18.5,2,26,7
18.5,2,27,38
18.5,2,28,4
18.5,2,29,13
18.5,2,31,1
18.5,2,32,8
18.5,2,33,19
18.5,2,35,8
18.5,2,36,3
18.5,2,37,11
18.5,2,38,3
18.5,2,4,37
18.5,2,5,26
18.5,2,6,6
18.5,2,7,4
18.5,2,8,37
18.5,2,9,22
18.5,3,10,12
18.5,3,13,34
18.5,3,14,3
18.5,3,15,1
18.5,3,16,15
18.5,3,18,7
18.5,3,20,7
18.5,3,21,10
18.5,3,23,12
18.5,3,24,4
18.5,3,25,15
18.5,3,26,20
18.5,3,27,17
18.5,3,28,29
18.5,3,29,4
18.5,3,3,1
18.5,3,30,4
18.5,3,31,30
18.5,3,32,2
18.5,3,33,22
18.5,3,34,4
18.5,3,35,3
18.5,3,37,1
18.5,3,38,4
18.5,3,39,1
18.5,3,4,7
18.5,3,5,13
18.5,3,6,4
18.5,3,7,14
18.5,3,9,33
18.5,4,10,4
18.5,4,13,3
18.5,4,15,7
18.5,4,26,5
18.5,4,27,3
18.5,4,30,4
18.5,4,36,3
18.5,4,7,7
18.5,4,9,7
18.5,5,10,2
18.5,5,11,12
18.5,5,12,7
18.5,5,13,41
18.5,5,14,14
18.5,5,15,62
18.5,5,16,63
18.5,5,19,6
18.5,5,20,10
18.5,5,21,3
18.5,5,22,10
18.5,5,23,7
18.5,5,24,19
18.5,5,25,3
18.5,5,26,54
18.5,5,27,42
18.5,5,28,29
18.5,5,29,2
18.5,5,3,11
18.5,5,30,2
18.5,5,31,27
18.5,5,32,4
18.5,5,33,13
18.5,5,34,6
18.5,5,35,5
18.5,5,36,26
18.5,5,37,6
18.5,5,39,16
18.5,5,4,5
18.5,5,5,24
18.5,5,7,24
18.5,5,9,47
18.5,6,27,5
18.5,6,31,10
18.5,7,13,13
18.5,7,14,11
18.5,7,15,15
18.5,7,16,38
18.5,7,17,5
18.5,7,18,9
18.5,7,19,10
18.5,7,21,4
18.5,7,22,6
18.5,7,23,5
18.5,7,24,11
18.5,7,26,13
18.5,7,27,13
18.5,7,28,10
18.5,7,29,1
18.5,7,31,16
18.5,7,33,24
18.5,7,34,13
18.5,7,35,6
18.5,7,38,5
18.5,7,39,11
18.5,7,5,6
18.5,7,6,14
18.5,7,7,48
18.5,7,9,29
18.5,8,39,1
18.5,8,5,5
18.5,8,7,1
18.5,8,9,6
18.5,9,10,10
18.5,9,11,1
18.5,9,13,18
18.5,9,14,6
18.5,9,15,6
18.5,9,16,32
18.5,9,17,26
18.5,9,18,12
18.5,9,19,20
18.5,9,2,4
18.5,9,20,5
18.5,9,21,16
18.5,9,23,11
18.5,9,24,14
18.5,9,25,2
18.5,9,26,24
18.5,9,27,28
18.5,9,28,23
18.5,9,29,6
18.5,9,30,3
18.5,9,31,26
18.5,9,33,27
18.5,9,35,17
18.5,9,36,23
18.5,9,39,14
18.5,9,5,22
18.5,9,7,24
18.5,9,9,23
19.0,0,1,5
19.0,0,10,4
19.0,0,11,3
19.0,0,13,28
19.0,0,14,12
19.0,0,15,6
19.0,0,16,10
19.0,0,19,7
19.0,0,2,3
19.0,0,23,11
19.0,0,24,2
19.0,0,25,2
19.0,0,26,6
19.0,0,27,24
19.0,0,28,20
19.0,0,29,8
19.0,0,3,9
19.0,0,30,5
19.0,0,31,14
19.0,0,32,3
19.0,0,33,40
19.0,0,36,3
19.0,0,38,10
19.0,0,39,19
19.0,0,4,4
19.0,0,5,19
19.0,0,7,23
19.0,0,8,10
19.0,0,9,16
19.0,10,10,11
19.0,10,13,21
19.0,10,14,10
19.0,10,16,23
19.0,10,17,3
19.0,10,18,2
19.0,10,19,11
19.0,10,20,6
19.0,10,21,10
19.0,10,23,14
19.0,10,25,5
19.0,10,26,20
19.0,10,27,15
19.0,10,28,26
19.0,10,29,5
19.0,10,30,6
19.0,10,31,12
19.0,10,32,4
19.0,10,33,22
19.0,10,34,4
19.0,10,35,10
19.0,10,36,6
19.0,10,38,4
19.0,10,39,1
19.0,10,5,28
19.0,10,7,28
19.0,10,8,7
19.0,10,9,6
19.0,1,10,4
19.0,11,12,7
19.0,1,13,5
19.0,1,33,3
19.0,2,13,32
19.0,2,15,2
19.0,2,16,56
19.0,2,19,7
19.0,2,20,10
19.0,2,23,22
19.0,2,25,7
19.0,2,26,12
19.0,2,27,15
19.0,2,28,13
19.0,2,29,3
19.0,2,3,3
19.0,2,31,19
19.0,2,32,9
19.0,2,33,23
19.0,2,35,5
19.0,2,36,2
19.0,2,37,8
19.0,2,5,25
19.0,2,7,24
19.0,3,10,5
19.0,3,11,4
19.0,3,13,13
19.0,3,15,4
19.0,3,16,24
19.0,3,17,2
19.0,3,18,3
19.0,3,19,5
19.0,3,20,8
19.0,3,21,1
19.0,3,22,2
19.0,3,23,13
19.0,3,24,4
19.0,3,25,4
19.0,3,26,18
19.0,3,27,13
19.0,3,28,15
19.0,3,29,5
19.0,3,31,12
19.0,3,33,16
19.0,3,34,7
19.0,3,35,6
19.0,3,36,4
19.0,3,39,5
19.0,3,5,23
19.0,3,6,11
19.0,3,7,21
19.0,3,8,3
19.0,3,9,16
19.0,4,13,10
19.0,4,21,3
19.0,4,23,10
19.0,4,26,6
19.0,4,27,3
19.0,4,3,5
19.0,4,33,7
19.0,4,5,3
19.0,4,7,7
19.0,5,10,2
19.0,5,11,3
19.0,5,13,26
19.0,5,14,9
19.0,5,16,17
19.0,5,17,11
19.0,5,18,5
19.0,5,19,19
19.0,5,22,11
19.0,5,23,3
19.0,5,25,2
19.0,5,26,18
19.0,5,27,39
19.0,5,28,8
19.0,5,29,11
19.0,5,3,2
19.0,5,31,27
19.0,5,32,18
19.0,5,33,29
19.0,5,35,12
19.0,5,36,4
19.0,5,37,2
19.0,5,38,9
19.0,5,39,5
19.0,5,4,10
19.0,5,5,67
19.0,5,6,8
19.0,5,7,43
19.0,5,8,8
19.0,5,9,12
19.0,6,28,5
19.0,7,10,12
19.0,7,13,17
19.0,7,15,10
19.0,7,16,14
19.0,7,17,2
19.0,7,20,39
19.0,7,22,2
19.0,7,23,8
19.0,7,24,1
19.0,7,26,8
19.0,7,27,17
19.0,7,28,7
19.0,7,31,7
19.0,7,32,3
19.0,7,33,11
19.0,7,34,11
19.0,7,35,6
19.0,7,36,8
19.0,7,37,7
19.0,7,38,2
19.0,7,4,2
19.0,7,5,16
19.0,7,7,17
19.0,7,8,7
19.0,7,9,3
19.0,8,14,1
19.0,8,16,5
19.0,8,26,1
19.0,8,7,5
19.0,9,10,11
19.0,9,13,37
19.0,9,14,4
19.0,9,16,21
19.0,9,17,4
19.0,9,18,3
19.0,9,19,8
19.0,9,20,7
19.0,9,21,3
19.0,9,23,11
19.0,9,25,4
19.0,9,26,25
19.0,9,27,28
19.0,9,28,37
19.0,9,29,13
19.0,9,30,9
19.0,9,31,23
19.0,9,32,11
19.0,9,33,33
19.0,9,34,16
19.0,9,35,3
19.0,9,36,4
19.0,9,37,8
19.0,9,5,38
19.0,9,7,16
19.0,9,9,7
19.5,0,10,1
19.5,0,12,6
19.5,0,13,19
19.5,0,14,4
19.5,0,16,19
19.5,0,17,3
19.5,0,21,8
19.5,0,23,13
19.5,0,24,2
19.5,0,25,4
19.5,0,26,28
19.5,0,27,17
19.5,0,28,25
19.5,0,29,8
19.5,0,31,20
19.5,0,33,16
19.5,0,35,3
19.5,0,36,4
19.5,0,37,3
19.5,0,38,7
19.5,0,39,5
19.5,0,4,4
19.5,0,40,4
19.5,0,5,18
19.5,0,7,12
19.5,10,10,6
19.5,10,12,4
19.5,10,13,16
19.5,10,15,12
19.5,10,16,23
19.5,10,20,1
19.5,10,21,1
19.5,10,23,4
19.5,10,26,29
19.5,10,27,16
19.5,10,28,16
19.5,10,29,1
19.5,10,30,2
19.5,10,31,25
19.5,10,32,6
19.5,10,33,16
19.5,10,34,4
19.5,10,37,10
19.5,10,38,9
19.5,10,39,1
19.5,10,5,14
19.5,10,6,1
19.5,10,7,16
19.5,1,12,4
19.5,11,5,7
19.5,1,31,9
19.5,1,33,4
19.5,1,5,5
19.5,2,10,2
19.5,2,11,3
19.5,2,13,12
19.5,2,14,4
19.5,2,15,7
19.5,2,16,17
19.5,2,19,3
19.5,2,20,6
19.5,2,21,7
19.5,2,23,8
19.5,2,26,11
19.5,2,27,5
19.5,2,28,12
19.5,2,29,2
19.5,2,3,3
19.5,2,30,3
19.5,2,31,18
19.5,2,32,6
19.5,2,33,15
19.5,2,35,8
19.5,2,36,3
19.5,2,39,3
19.5,2,40,5
19.5,2,5,39
19.5,2,7,11
19.5,2,8,41
19.5,3,10,7
19.5,3,13,22
19.5,3,14,4
19.5,3,15,3
19.5,3,16,21
19.5,3,18,2
19.5,3,19,15
19.5,3,20,3
19.5,3,21,3
19.5,3,23,9
19.5,3,24,3
19.5,3,26,17
19.5,3,27,9
19.5,3,28,4
19.5,3,29,8
19.5,3,3,4
19.5,3,30,5
19.5,3,31,15
19.5,3,32,3
19.5,3,33,26
19.5,3,35,20
19.5,3,39,8
19.5,3,40,2
19.5,3,5,36
19.5,3,7,19
19.5,4,11,5
19.5,4,12,9
19.5,4,16,5
19.5,4,21,3
19.5,4,27,11
19.5,4,3,4
19.5,4,31,4
19.5,4,33,8
19.5,4,37,7
19.5,4,39,3
19.5,5,10,9
19.5,5,11,7
19.5,5,12,6
19.5,5,13,4
19.5,5,14,2
19.5,5,15,13
19.5,5,16,45
19.5,5,17,1
19.5,5,18,2
19.5,5,19,20
19.5,5,20,5
19.5,5,21,8
19.5,5,22,3
19.5,5,23,6
19.5,5,24,13
19.5,5,25,10
19.5,5,26,28
19.5,5,27,15
19.5,5,28,31
19.5,5,29,1
19.5,5,3,5
19.5,5,31,8
19.5,5,32,10
19.5,5,33,20
19.5,5,34,10
19.5,5,35,11
19.5,5,36,7
19.5,5,39,7
19.5,5,4,3
19.5,5,5,71
19.5,5,7,56
19.5,6,22,10
19.5,6,34,5
19.5,7,10,2
19.5,7,13,25
19.5,7,14,13
19.5,7,19,3
19.5,7,20,16
19.5,7,25,3
19.5,7,26,15
19.5,7,27,13
19.5,7,28,11
19.5,7,31,27
19.5,7,32,11
19.5,7,33,13
19.5,7,34,3
19.5,7,35,4
19.5,7,38,3
19.5,7,39,3
19.5,7,5,2
19.5,7,6,8
19.5,7,7,14
19.5,8,4,4
19.5,8,5,5
19.5,9,10,4
19.5,9,11,3
19.5,9,13,27
19.5,9,16,18
19.5,9,17,4
19.5,9,19,4
19.5,9,2,4
19.5,9,20,12
19.5,9,21,7
19.5,9,22,2
19.5,9,23,2
19.5,9,25,4
19.5,9,26,3
19.5,9,27,4
19.5,9,28,15
19.5,9,30,4
19.5,9,31,8
19.5,9,32,7
19.5,9,33,18
19.5,9,34,5
19.5,9,35,22
19.5,9,36,7
19.5,9,37,7
19.5,9,38,4
19.5,9,39,8
19.5,9,4,6
19.5,9,5,23
19.5,9,6,2
19.5,9,7,23
20.0,0,10,3
20.0,0,13,20
20.0,0,16,2
20.0,0,17,6
20.0,0,18,12
20.0,0,23,6
20.0,0,24,4
20.0,0,26,10
20.0,0,27,9
20.0,0,28,11
20.0,0,3,7
20.0,0,31,13
20.0,0,32,6
20.0,0,33,2
20.0,0,34,8
20.0,0,35,4
20.0,0,36,11
20.0,0,37,4
20.0,0,38,9
20.0,0,39,12
20.0,0,4,8
20.0,0,5,12
20.0,0,9,13
20.0,10,10,4
20.0,10,12,3
20.0,10,13,9
20.0,10,15,2
20.0,10,16,19
20.0,10,20,6
20.0,10,23,3
20.0,10,24,4
20.0,10,26,14
20.0,10,27,17
20.0,10,28,17
20.0,10,29,19
20.0,10,30,4
20.0,10,31,22
20.0,10,32,7
20.0,10,33,11
20.0,10,34,3
20.0,10,35,7
20.0,10,37,2
20.0,10,38,7
20.0,10,39,3
20.0,10,5,27
20.0,10,6,5
20.0,10,7,13
20.0,10,8,4
20.0,10,9,3
20.0,1,16,5
20.0,1,24,3
20.0,1,36,4
20.0,1,4,3
20.0,1,9,5
20.0,2,10,5
20.0,2,12,3
20.0,2,13,23
20.0,2,16,4
20.0,2,17,8
20.0,2,18,7
20.0,2,19,16
20.0,2,25,37
20.0,2,26,31
20.0,2,27,16
20.0,2,28,2
20.0,2,29,11
20.0,2,30,37
20.0,2,31,6
20.0,2,32,8
20.0,2,33,15
20.0,2,34,13
20.0,2,35,2
20.0,2,36,3
20.0,2,37,3
20.0,2,39,4
20.0,2,5,9
20.0,2,7,5
20.0,2,9,4
20.0,3,1,4
20.0,3,10,2
20.0,3,12,3
20.0,3,13,8
20.0,3,14,4
20.0,3,15,4
20.0,3,16,26
20.0,3,19,4
20.0,3,20,1
20.0,3,22,3
20.0,3,24,4
20.0,3,26,12
20.0,3,27,16
20.0,3,28,14
20.0,3,29,9
20.0,3,3,2
20.0,3,31,6
20.0,3,32,3
20.0,3,33,10
20.0,3,34,5
20.0,3,35,11
20.0,3,36,3
20.0,3,37,4
20.0,3,39,5
20.0,3,5,7
20.0,3,7,16
20.0,3,9,4
20.0,4,11,3
20.0,4,13,5
20.0,4,16,3
20.0,4,22,5
20.0,4,28,9
20.0,4,29,3
20.0,4,3,5
20.0,4,34,3
20.0,4,35,5
20.0,4,38,6
20.0,4,5,3
20.0,4,7,6
20.0,5,10,18
20.0,5,12,43
20.0,5,13,26
20.0,5,14,8
20.0,5,16,13
20.0,5,17,14
20.0,5,19,21
20.0,5,20,4
20.0,5,21,13
20.0,5,22,4
20.0,5,23,25
20.0,5,26,22
20.0,5,27,25
20.0,5,28,24
20.0,5,29,7
20.0,5,31,12
20.0,5,32,2
20.0,5,33,9
20.0,5,34,4
20.0,5,35,14
20.0,5,36,6
20.0,5,37,1
20.0,5,39,6
20.0,5,4,6
20.0,5,5,29
20.0,5,7,19
20.0,6,21,5
20.0,6,36,5
20.0,7,13,8
20.0,7,14,8
20.0,7,16,4
20.0,7,21,3
20.0,7,23,3
20.0,7,26,19
20.0,7,27,24
20.0,7,28,14
20.0,7,29,36
20.0,7,3,3
20.0,7,31,2
20.0,7,32,5
20.0,7,33,9
20.0,7,34,8
20.0,7,35,11
20.0,7,37,6
20.0,7,38,2
20.0,7,5,10
20.0,7,7,5
20.0,7,9,2
20.0,8,28,5
20.0,8,6,5
20.0,9,10,5
20.0,9,13,21
20.0,9,16,15
20.0,9,19,3
20.0,9,21,3
20.0,9,23,4
20.0,9,24,13
20.0,9,25,4
20.0,9,26,12
20.0,9,27,37
20.0,9,28,18
20.0,9,29,17
20.0,9,30,7
20.0,9,31,16
20.0,9,32,9
20.0,9,33,23
20.0,9,34,11
20.0,9,35,12
20.0,9,39,4
20.0,9,4,4
20.0,9,7,25
20.0,9,9,17
20.5,0,10,2
20.5,0,13,4
20.5,0,14,10
20.5,0,16,17
20.5,0,17,2
20.5,0,19,8
20.5,0,22,6
20.5,0,24,4
20.5,0,25,6
20.5,0,26,10
20.5,0,27,3
20.5,0,28,32
20.5,0,31,1
20.5,0,33,8
20.5,0,34,3
20.5,0,37,9
20.5,0,39,2
20.5,0,5,12
20.5,0,6,5
20.5,0,7,4
20.5,0,9,10
20.5,10,13,9
20.5,10,16,3
20.5,10,24,1
20.5,10,26,7
20.5,10,27,9
20.5,10,31,8
20.5,10,32,3
20.5,10,33,6
20.5,10,34,5
20.5,10,35,6
20.5,10,36,4
20.5,10,38,4
20.5,10,39,1
20.5,10,5,3
20.5,10,9,4
20.5,11,31,7
20.5,11,5,7
20.5,1,19,3
20.5,1,27,11
20.5,1,29,3
20.5,1,33,4
20.5,1,36,4
20.5,1,9,4
20.5,2,10,3
20.5,2,13,13
20.5,2,14,2
20.5,2,16,6
20.5,2,17,3
20.5,2,20,2
20.5,2,21,4
20.5,2,24,6
20.5,2,26,11
20.5,2,27,2
20.5,2,28,5
20.5,2,29,3
20.5,2,31,1
20.5,2,32,5
20.5,2,33,11
20.5,2,34,2
20.5,2,35,16
20.5,2,38,2
20.5,2,4,2
20.5,2,5,15
20.5,2,6,2
20.5,2,7,20
20.5,2,9,10
20.5,3,16,4
20.5,3,27,5
20.5,3,31,2
20.5,3,7,2
20.5,4,10,3
20.5,4,15,3
20.5,4,16,3
20.5,4,24,3
20.5,4,30,6
20.5,4,31,7
20.5,4,33,5
20.5,4,39,5
20.5,4,7,6
20.5,4,8,3
20.5,4,9,5
20.5,5,10,6
20.5,5,12,6
20.5,5,13,51
20.5,5,15,8
20.5,5,16,15
20.5,5,17,4
20.5,5,18,31
20.5,5,19,24
20.5,5,20,11
20.5,5,21,16
20.5,5,24,4
20.5,5,26,26
20.5,5,27,30
20.5,5,28,17
20.5,5,29,4
20.5,5,31,28
20.5,5,32,19
20.5,5,33,99
20.5,5,34,20
20.5,5,35,8
20.5,5,37,4
20.5,5,39,10
20.5,5,4,4
20.5,5,5,25
20.5,5,6,1
20.5,5,7,1
20.5,5,9,23
20.5,7,13,3
20.5,7,14,4
20.5,7,16,6
20.5,7,20,1
20.5,7,21,2
20.5,7,24,4
20.5,7,26,19
20.5,7,27,14
20.5,7,28,22
20.5,7,29,9
20.5,7,31,15
20.5,7,32,3
20.5,7,33,3
20.5,7,37,1
20.5,7,39,10
20.5,7,5,2
20.5,7,6,3
20.5,7,7,15
20.5,7,9,6
20.5,9,11,4
20.5,9,13,30
20.5,9,14,9
20.5,9,16,17
20.5,9,17,11
20.5,9,19,3
20.5,9,20,12
20.5,9,21,4
20.5,9,24,1
20.5,9,26,13
20.5,9,27,16
20.5,9,28,23
20.5,9,31,26
20.5,9,32,2
20.5,9,33,9
20.5,9,35,2
20.5,9,37,12
20.5,9,39,6
20.5,9,5,25
20.5,9,6,4
20.5,9,7,28
20.5,9,9,22
21.0,0,13,7
21.0,0,16,9
21.0,0,19,4
21.0,0,21,7
21.0,0,23,4
21.0,0,25,3
21.0,0,26,27
21.0,0,27,2
21.0,0,28,5
21.0,0,30,8
21.0,0,31,7
21.0,0,32,2
21.0,0,33,8
21.0,0,34,2
21.0,0,37,2
21.0,0,39,4
21.0,0,5,8
21.0,0,6,2
21.0,0,7,8
21.0,0,8,7
21.0,0,9,2
21.0,10,39,1
21.0,10,9,1
21.0,11,13,7
21.0,11,28,7
21.0,1,21,4
21.0,1,27,4
21.0,1,28,13
21.0,1,31,4
21.0,1,33,4
21.0,1,34,4
21.0,1,38,4
21.0,1,39,3
21.0,2,13,9
21.0,2,14,7
21.0,2,16,2
21.0,2,17,9
21.0,2,19,16
21.0,2,21,11
21.0,2,23,9
21.0,2,24,16
21.0,2,26,18
21.0,2,27,8
21.0,2,28,3
21.0,2,29,5
21.0,2,31,11
21.0,2,32,6
21.0,2,33,13
21.0,2,34,7
21.0,2,35,1
21.0,2,36,2
21.0,2,37,37
21.0,2,5,1
21.0,2,6,40
21.0,2,7,9
21.0,2,9,16
21.0,4,12,3
21.0,4,17,3
21.0,4,21,4
21.0,4,22,3
21.0,4,23,3
21.0,4,28,3
21.0,4,31,3
21.0,4,33,5
21.0,4,35,3
21.0,4,7,5
21.0,4,9,4
21.0,5,10,4
21.0,5,13,28
21.0,5,14,14
21.0,5,16,37
21.0,5,17,6
21.0,5,19,2
21.0,5,20,3
21.0,5,24,5
21.0,5,26,60
21.0,5,27,21
21.0,5,28,18
21.0,5,29,9
21.0,5,3,4
21.0,5,31,8
21.0,5,32,1
21.0,5,33,14
21.0,5,34,7
21.0,5,35,8
21.0,5,37,3
21.0,5,39,5
21.0,5,4,7
21.0,5,5,21
21.0,5,6,3
21.0,5,7,13
21.0,5,9,64
21.0,6,16,5
21.0,6,26,5
21.0,6,7,5
21.0,7,10,4
21.0,7,13,6
21.0,7,14,8
21.0,7,16,11
21.0,7,19,5
21.0,7,24,2
21.0,7,27,22
21.0,7,28,6
21.0,7,29,3
21.0,7,31,13
21.0,7,32,9
21.0,7,33,4
21.0,7,35,6
21.0,7,36,4
21.0,7,5,13
21.0,7,6,8
21.0,7,7,8
21.0,7,9,8
21.0,8,26,5
21.0,8,4,5
21.0,9,10,4
21.0,9,13,30
21.0,9,14,7
21.0,9,16,17
21.0,9,19,4
21.0,9,20,2
21.0,9,21,3
21.0,9,25,7
21.0,9,26,27
21.0,9,27,19
21.0,9,28,21
21.0,9,31,22
21.0,9,32,13
21.0,9,33,28
21.0,9,35,4
21.0,9,36,2
21.0,9,39,5
21.0,9,40,7
21.0,9,5,25
21.0,9,6,4
21.0,9,7,14
21.0,9,9,48
21.5,0,27,7
21.5,0,5,7
21.5,1,16,5
21.5,11,6,7
21.5,1,17,4
21.5,1,23,4
21.5,1,24,4
21.5,1,27,4
21.5,1,28,5
21.5,1,5,3
21.5,1,7,4
21.5,2,10,10
21.5,2,13,5
21.5,2,14,1
21.5,2,15,3
21.5,2,16,14
21.5,2,17,6
21.5,2,23,8
21.5,2,24,2
21.5,2,26,28
21.5,2,27,6
21.5,2,28,17
21.5,2,31,21
21.5,2,32,16
21.5,2,33,5
21.5,2,37,2
21.5,2,39,7
21.5,2,5,12
21.5,2,7,18
21.5,2,9,5
21.5,4,13,10
21.5,4,17,3
21.5,4,26,4
21.5,4,28,4
21.5,4,3,3
21.5,4,31,4
21.5,4,35,3
21.5,4,7,4
21.5,4,9,3
21.5,5,10,4
21.5,5,11,31
21.5,5,13,25
21.5,5,16,30
21.5,5,17,31
21.5,5,19,10
21.5,5,21,13
21.5,5,24,5
21.5,5,26,10
21.5,5,27,35
21.5,5,28,11
21.5,5,29,19
21.5,5,31,26
21.5,5,32,2
21.5,5,33,27
21.5,5,35,6
21.5,5,39,9
21.5,5,40,1
21.5,5,5,23
21.5,5,6,1
21.5,5,7,63
21.5,5,9,4
21.5,6,30,5
21.5,7,10,2
21.5,7,13,17
21.5,7,14,36
21.5,7,16,6
21.5,7,19,8
21.5,7,24,3
21.5,7,26,15
21.5,7,27,12
21.5,7,28,12
21.5,7,3,5
21.5,7,31,8
21.5,7,32,7
21.5,7,34,6
21.5,7,35,4
21.5,7,36,15
21.5,7,4,36
21.5,7,5,15
21.5,7,7,2
21.5,7,9,4
21.5,8,15,4
21.5,9,13,6
21.5,9,14,8
21.5,9,16,6
21.5,9,20,7
21.5,9,26,5
21.5,9,27,4
21.5,9,28,16
21.5,9,31,9
21.5,9,33,7
21.5,9,37,3
21.5,9,5,4
21.5,9,7,16
21.5,9,9,9
22.0,11,27,7
22.0,1,13,4
22.0,1,27,3
22.0,1,3,4
22.0,1,31,3
22.0,1,6,5
22.0,1,9,7
22.0,2,10,2
22.0,2,13,13
22.0,2,16,29
22.0,2,17,4
22.0,2,19,18
22.0,2,23,2
22.0,2,24,5
22.0,2,26,16
22.0,2,27,14
22.0,2,28,13
22.0,2,29,6
22.0,2,31,15
22.0,2,32,7
22.0,2,33,3
22.0,2,34,1
22.0,2,35,9
22.0,2,36,3
22.0,2,37,7
22.0,2,40,1
22.0,2,5,23
22.0,2,7,14
22.0,2,9,17
22.0,4,10,4
22.0,4,25,3
22.0,4,26,4
22.0,4,27,8
22.0,5,10,5
22.0,5,12,4
22.0,5,13,4
22.0,5,16,2
22.0,5,19,3
22.0,5,20,2
22.0,5,23,4
22.0,5,25,4
22.0,5,26,2
22.0,5,27,5
22.0,5,28,5
22.0,5,31,13
22.0,5,32,4
22.0,5,33,4
22.0,5,34,3
22.0,5,35,1
22.0,5,36,3
22.0,5,39,1
22.0,5,5,2
22.0,5,7,8
22.0,5,9,54
22.0,7,11,36
22.0,7,13,5
22.0,7,14,2
22.0,7,16,21
22.0,7,17,4
22.0,7,19,2
22.0,7,20,6
22.0,7,21,6
22.0,7,24,5
22.0,7,27,5
22.0,7,28,20
22.0,7,29,3
22.0,7,31,11
22.0,7,32,5
22.0,7,33,3
22.0,7,34,3
22.0,7,5,10
22.0,7,7,2
22.0,7,9,11
22.0,8,27,4
22.5,1,12,3
22.5,1,13,3
22.5,1,25,4
22.5,1,27,4
22.5,1,28,4
22.5,1,36,4
22.5,1,5,3
22.5,2,11,37
22.5,2,13,2
22.5,2,16,12
22.5,2,26,8
22.5,2,27,11
22.5,2,28,3
22.5,2,31,16
22.5,2,33,3
22.5,2,34,2
22.5,2,36,8
22.5,2,38,3
22.5,2,7,5
22.5,2,8,2
22.5,2,9,2
22.5,4,13,7
22.5,4,9,3
22.5,5,19,3
22.5,5,7,31
22.5,6,13,5
22.5,6,29,5
22.5,6,7,5
22.5,7,10,36
22.5,7,19,2
22.5,7,29,5
22.5,7,31,2
22.5,7,32,2
22.5,7,33,3
22.5,7,7,12
23.0,1,13,3
23.0,1,16,4
23.0,4,12,3
23.0,4,17,3
